PROD_EST,COBERTURA,TIPO,ANIO,MES,CONCEPTO,VAL_USD,ESTATUS
Balanza Comercial de Mercancías de México,Nacional,Exportaciones,2012,01,Exportaciones Totales,27281.577,Cifras Definitivas
Balanza Comercial de Mercancías de México,Nacional,Exportaciones,2012,01,Petroleras,4628.295,Cifras Definitivas
Balanza Comercial de Mercancías de México,Nacional,Exportaciones,2012,01,Petróleo Crudo,4008.115,Cifras Definitivas
Balanza Comercial de Mercancías de México,Nacional,Exportaciones,2012,01,Otras petroleras,620.18,Cifras Definitivas
Balanza Comercial de Mercancías de México,Nacional,Exportaciones,2012,01,No Petroleras,22653.282,Cifras Definitivas
Balanza Comercial de Mercancías de México,Nacional,Exportaciones,2012,01,Agropecuarias,1065.84,Cifras Definitivas
Balanza Comercial de Mercancías de México,Nacional,Exportaciones,2012,01,Extractivas,377.527,Cifras Definitivas
Balanza Comercial de Mercancías de México,Nacional,Exportaciones,2012,01,Manufactureras,21209.915,Cifras Definitivas
Balanza Comercial de Mercancías de México,Nacional,Importaciones,2012,01,Importaciones Totales,27548.995,Cifras Definitivas
Balanza Comercial de Mercancías de México,Nacional,Importaciones,2012,01,Fletes y seguros de las importaciones,745.806,Cifras Definitivas
Balanza Comercial de Mercancías de México,Nacional,Importaciones,2012,01,Importaciones Totales CIF (Importaciones Totales + Fletes y seguros de las importaciones),28294.801,Cifras Definitivas
Balanza Comercial de Mercancías de México,Nacional,Importaciones,2012,01,Petroleras,3190.839,Cifras Definitivas
Balanza Comercial de Mercancías de México,Nacional,Importaciones,2012,01,No Petroleras,24358.156,Cifras Definitivas
Balanza Comercial de Mercancías de México,Nacional,Importaciones,2012,01,Bienes de Consumo,4095.232,Cifras Definitivas
Balanza Comercial de Mercancías de México,Nacional,Importaciones,2012,01,Bienes Intermedios,20499.78,Cifras Definitivas
Balanza Comercial de Mercancías de México,Nacional,Importaciones,2012,01,Bienes de Capital,2953.984,Cifras Definitivas
Balanza Comercial de Mercancías de México,Nacional,No aplica,2012,01,Balanza Comercial Total Exportaciones Totales - Importaciones Totales,-267.418,Cifras Definitivas
Balanza Comercial de Mercancías de México,Nacional,No aplica,2012,01,Balanza Comercial Total Exportaciones Totales - Importaciones Totales CIF,-1013.224,Cifras Definitivas
Balanza Comercial de Mercancías de México,Nacional,Exportaciones,2012,02,Exportaciones Totales,30015.345,Cifras Definitivas
Balanza Comercial de Mercancías de México,Nacional,Exportaciones,2012,02,Petroleras,4570.34,Cifras Definitivas
Balanza Comercial de Mercancías de México,Nacional,Exportaciones,2012,02,Petróleo Crudo,3927.276,Cifras Definitivas
Balanza Comercial de Mercancías de México,Nacional,Exportaciones,2012,02,Otras petroleras,643.064,Cifras Definitivas
Balanza Comercial de Mercancías de México,Nacional,Exportaciones,2012,02,No Petroleras,25445.005,Cifras Definitivas
Balanza Comercial de Mercancías de México,Nacional,Exportaciones,2012,02,Agropecuarias,1038.773,Cifras Definitivas
Balanza Comercial de Mercancías de México,Nacional,Exportaciones,2012,02,Extractivas,406.648,Cifras Definitivas
Balanza Comercial de Mercancías de México,Nacional,Exportaciones,2012,02,Manufactureras,23999.584,Cifras Definitivas
Balanza Comercial de Mercancías de México,Nacional,Importaciones,2012,02,Importaciones Totales,29517.163,Cifras Definitivas
Balanza Comercial de Mercancías de México,Nacional,Importaciones,2012,02,Fletes y seguros de las importaciones,765.958,Cifras Definitivas
Balanza Comercial de Mercancías de México,Nacional,Importaciones,2012,02,Importaciones Totales CIF (Importaciones Totales + Fletes y seguros de las importaciones),30283.121,Cifras Definitivas
Balanza Comercial de Mercancías de México,Nacional,Importaciones,2012,02,Petroleras,3407.208,Cifras Definitivas
Balanza Comercial de Mercancías de México,Nacional,Importaciones,2012,02,No Petroleras,26109.955,Cifras Definitivas
Balanza Comercial de Mercancías de México,Nacional,Importaciones,2012,02,Bienes de Consumo,4367.575,Cifras Definitivas
Balanza Comercial de Mercancías de México,Nacional,Importaciones,2012,02,Bienes Intermedios,22307.117,Cifras Definitivas
Balanza Comercial de Mercancías de México,Nacional,Importaciones,2012,02,Bienes de Capital,2842.471,Cifras Definitivas
Balanza Comercial de Mercancías de México,Nacional,No aplica,2012,02,Balanza Comercial Total Exportaciones Totales - Importaciones Totales,498.182,Cifras Definitivas
Balanza Comercial de Mercancías de México,Nacional,No aplica,2012,02,Balanza Comercial Total Exportaciones Totales - Importaciones Totales CIF,-267.776,Cifras Definitivas
Balanza Comercial de Mercancías de México,Nacional,Exportaciones,2012,03,Exportaciones Totales,32312.046,Cifras Definitivas
Balanza Comercial de Mercancías de México,Nacional,Exportaciones,2012,03,Petroleras,5166.009,Cifras Definitivas
Balanza Comercial de Mercancías de México,Nacional,Exportaciones,2012,03,Petróleo Crudo,4489.672,Cifras Definitivas
Balanza Comercial de Mercancías de México,Nacional,Exportaciones,2012,03,Otras petroleras,676.337,Cifras Definitivas
Balanza Comercial de Mercancías de México,Nacional,Exportaciones,2012,03,No Petroleras,27146.037,Cifras Definitivas
Balanza Comercial de Mercancías de México,Nacional,Exportaciones,2012,03,Agropecuarias,1125.068,Cifras Definitivas
Balanza Comercial de Mercancías de México,Nacional,Exportaciones,2012,03,Extractivas,465.986,Cifras Definitivas
Balanza Comercial de Mercancías de México,Nacional,Exportaciones,2012,03,Manufactureras,25554.983,Cifras Definitivas
Balanza Comercial de Mercancías de México,Nacional,Importaciones,2012,03,Importaciones Totales,30839.53,Cifras Definitivas
Balanza Comercial de Mercancías de México,Nacional,Importaciones,2012,03,Fletes y seguros de las importaciones,815.264,Cifras Definitivas
Balanza Comercial de Mercancías de México,Nacional,Importaciones,2012,03,Importaciones Totales CIF (Importaciones Totales + Fletes y seguros de las importaciones),31654.794,Cifras Definitivas
Balanza Comercial de Mercancías de México,Nacional,Importaciones,2012,03,Petroleras,3540.027,Cifras Definitivas
Balanza Comercial de Mercancías de México,Nacional,Importaciones,2012,03,No Petroleras,27299.503,Cifras Definitivas
Balanza Comercial de Mercancías de México,Nacional,Importaciones,2012,03,Bienes de Consumo,4356.34,Cifras Definitivas
Balanza Comercial de Mercancías de México,Nacional,Importaciones,2012,03,Bienes Intermedios,23324.788,Cifras Definitivas
Balanza Comercial de Mercancías de México,Nacional,Importaciones,2012,03,Bienes de Capital,3158.401,Cifras Definitivas
Balanza Comercial de Mercancías de México,Nacional,No aplica,2012,03,Balanza Comercial Total Exportaciones Totales - Importaciones Totales,1472.516,Cifras Definitivas
Balanza Comercial de Mercancías de México,Nacional,No aplica,2012,03,Balanza Comercial Total Exportaciones Totales - Importaciones Totales CIF,657.252,Cifras Definitivas
Balanza Comercial de Mercancías de México,Nacional,Exportaciones,2012,04,Exportaciones Totales,30900.421,Cifras Definitivas
Balanza Comercial de Mercancías de México,Nacional,Exportaciones,2012,04,Petroleras,4534.742,Cifras Definitivas
Balanza Comercial de Mercancías de México,Nacional,Exportaciones,2012,04,Petróleo Crudo,4029.898,Cifras Definitivas
Balanza Comercial de Mercancías de México,Nacional,Exportaciones,2012,04,Otras petroleras,504.844,Cifras Definitivas
Balanza Comercial de Mercancías de México,Nacional,Exportaciones,2012,04,No Petroleras,26365.679,Cifras Definitivas
Balanza Comercial de Mercancías de México,Nacional,Exportaciones,2012,04,Agropecuarias,1121.702,Cifras Definitivas
Balanza Comercial de Mercancías de México,Nacional,Exportaciones,2012,04,Extractivas,281.899,Cifras Definitivas
Balanza Comercial de Mercancías de México,Nacional,Exportaciones,2012,04,Manufactureras,24962.078,Cifras Definitivas
Balanza Comercial de Mercancías de México,Nacional,Importaciones,2012,04,Importaciones Totales,30481.741,Cifras Definitivas
Balanza Comercial de Mercancías de México,Nacional,Importaciones,2012,04,Fletes y seguros de las importaciones,785.299,Cifras Definitivas
Balanza Comercial de Mercancías de México,Nacional,Importaciones,2012,04,Importaciones Totales CIF (Importaciones Totales + Fletes y seguros de las importaciones),31267.04,Cifras Definitivas
Balanza Comercial de Mercancías de México,Nacional,Importaciones,2012,04,Petroleras,3621.674,Cifras Definitivas
Balanza Comercial de Mercancías de México,Nacional,Importaciones,2012,04,No Petroleras,26860.067,Cifras Definitivas
Balanza Comercial de Mercancías de México,Nacional,Importaciones,2012,04,Bienes de Consumo,4651.403,Cifras Definitivas
Balanza Comercial de Mercancías de México,Nacional,Importaciones,2012,04,Bienes Intermedios,22797.349,Cifras Definitivas
Balanza Comercial de Mercancías de México,Nacional,Importaciones,2012,04,Bienes de Capital,3032.989,Cifras Definitivas
Balanza Comercial de Mercancías de México,Nacional,No aplica,2012,04,Balanza Comercial Total Exportaciones Totales - Importaciones Totales,418.68,Cifras Definitivas
Balanza Comercial de Mercancías de México,Nacional,No aplica,2012,04,Balanza Comercial Total Exportaciones Totales - Importaciones Totales CIF,-366.619,Cifras Definitivas
Balanza Comercial de Mercancías de México,Nacional,Exportaciones,2012,05,Exportaciones Totales,33135.477,Cifras Definitivas
Balanza Comercial de Mercancías de México,Nacional,Exportaciones,2012,05,Petroleras,4334.593,Cifras Definitivas
Balanza Comercial de Mercancías de México,Nacional,Exportaciones,2012,05,Petróleo Crudo,3797.02,Cifras Definitivas
Balanza Comercial de Mercancías de México,Nacional,Exportaciones,2012,05,Otras petroleras,537.573,Cifras Definitivas
Balanza Comercial de Mercancías de México,Nacional,Exportaciones,2012,05,No Petroleras,28800.884,Cifras Definitivas
Balanza Comercial de Mercancías de México,Nacional,Exportaciones,2012,05,Agropecuarias,1201.81,Cifras Definitivas
Balanza Comercial de Mercancías de México,Nacional,Exportaciones,2012,05,Extractivas,455.855,Cifras Definitivas
Balanza Comercial de Mercancías de México,Nacional,Exportaciones,2012,05,Manufactureras,27143.219,Cifras Definitivas
Balanza Comercial de Mercancías de México,Nacional,Importaciones,2012,05,Importaciones Totales,32801.858,Cifras Definitivas
Balanza Comercial de Mercancías de México,Nacional,Importaciones,2012,05,Fletes y seguros de las importaciones,866.001,Cifras Definitivas
Balanza Comercial de Mercancías de México,Nacional,Importaciones,2012,05,Importaciones Totales CIF (Importaciones Totales + Fletes y seguros de las importaciones),33667.859,Cifras Definitivas
Balanza Comercial de Mercancías de México,Nacional,Importaciones,2012,05,Petroleras,3872.423,Cifras Definitivas
Balanza Comercial de Mercancías de México,Nacional,Importaciones,2012,05,No Petroleras,28929.435,Cifras Definitivas
Balanza Comercial de Mercancías de México,Nacional,Importaciones,2012,05,Bienes de Consumo,4667.294,Cifras Definitivas
Balanza Comercial de Mercancías de México,Nacional,Importaciones,2012,05,Bienes Intermedios,24939.409,Cifras Definitivas
Balanza Comercial de Mercancías de México,Nacional,Importaciones,2012,05,Bienes de Capital,3195.155,Cifras Definitivas
Balanza Comercial de Mercancías de México,Nacional,No aplica,2012,05,Balanza Comercial Total Exportaciones Totales - Importaciones Totales,333.619,Cifras Definitivas
Balanza Comercial de Mercancías de México,Nacional,No aplica,2012,05,Balanza Comercial Total Exportaciones Totales - Importaciones Totales CIF,-532.382,Cifras Definitivas
Balanza Comercial de Mercancías de México,Nacional,Exportaciones,2012,06,Exportaciones Totales,30272.703,Cifras Definitivas
Balanza Comercial de Mercancías de México,Nacional,Exportaciones,2012,06,Petroleras,3682.722,Cifras Definitivas
Balanza Comercial de Mercancías de México,Nacional,Exportaciones,2012,06,Petróleo Crudo,3291.727,Cifras Definitivas
Balanza Comercial de Mercancías de México,Nacional,Exportaciones,2012,06,Otras petroleras,390.995,Cifras Definitivas
Balanza Comercial de Mercancías de México,Nacional,Exportaciones,2012,06,No Petroleras,26589.981,Cifras Definitivas
Balanza Comercial de Mercancías de México,Nacional,Exportaciones,2012,06,Agropecuarias,898.059,Cifras Definitivas
Balanza Comercial de Mercancías de México,Nacional,Exportaciones,2012,06,Extractivas,427.866,Cifras Definitivas
Balanza Comercial de Mercancías de México,Nacional,Exportaciones,2012,06,Manufactureras,25264.056,Cifras Definitivas
Balanza Comercial de Mercancías de México,Nacional,Importaciones,2012,06,Importaciones Totales,29657.623,Cifras Definitivas
Balanza Comercial de Mercancías de México,Nacional,Importaciones,2012,06,Fletes y seguros de las importaciones,781.748,Cifras Definitivas
Balanza Comercial de Mercancías de México,Nacional,Importaciones,2012,06,Importaciones Totales CIF (Importaciones Totales + Fletes y seguros de las importaciones),30439.371,Cifras Definitivas
Balanza Comercial de Mercancías de México,Nacional,Importaciones,2012,06,Petroleras,3033.783,Cifras Definitivas
Balanza Comercial de Mercancías de México,Nacional,Importaciones,2012,06,No Petroleras,26623.84,Cifras Definitivas
Balanza Comercial de Mercancías de México,Nacional,Importaciones,2012,06,Bienes de Consumo,3991.706,Cifras Definitivas
Balanza Comercial de Mercancías de México,Nacional,Importaciones,2012,06,Bienes Intermedios,22560,Cifras Definitivas
Balanza Comercial de Mercancías de México,Nacional,Importaciones,2012,06,Bienes de Capital,3105.916,Cifras Definitivas
Balanza Comercial de Mercancías de México,Nacional,No aplica,2012,06,Balanza Comercial Total Exportaciones Totales - Importaciones Totales,615.08,Cifras Definitivas
Balanza Comercial de Mercancías de México,Nacional,No aplica,2012,06,Balanza Comercial Total Exportaciones Totales - Importaciones Totales CIF,-166.668,Cifras Definitivas
Balanza Comercial de Mercancías de México,Nacional,Exportaciones,2012,07,Exportaciones Totales,30294.406,Cifras Definitivas
Balanza Comercial de Mercancías de México,Nacional,Exportaciones,2012,07,Petroleras,3787.515,Cifras Definitivas
Balanza Comercial de Mercancías de México,Nacional,Exportaciones,2012,07,Petróleo Crudo,3318.387,Cifras Definitivas
Balanza Comercial de Mercancías de México,Nacional,Exportaciones,2012,07,Otras petroleras,469.128,Cifras Definitivas
Balanza Comercial de Mercancías de México,Nacional,Exportaciones,2012,07,No Petroleras,26506.891,Cifras Definitivas
Balanza Comercial de Mercancías de México,Nacional,Exportaciones,2012,07,Agropecuarias,733.284,Cifras Definitivas
Balanza Comercial de Mercancías de México,Nacional,Exportaciones,2012,07,Extractivas,287.704,Cifras Definitivas
Balanza Comercial de Mercancías de México,Nacional,Exportaciones,2012,07,Manufactureras,25485.903,Cifras Definitivas
Balanza Comercial de Mercancías de México,Nacional,Importaciones,2012,07,Importaciones Totales,30704.05,Cifras Definitivas
Balanza Comercial de Mercancías de México,Nacional,Importaciones,2012,07,Fletes y seguros de las importaciones,814.403,Cifras Definitivas
Balanza Comercial de Mercancías de México,Nacional,Importaciones,2012,07,Importaciones Totales CIF (Importaciones Totales + Fletes y seguros de las importaciones),31518.453,Cifras Definitivas
Balanza Comercial de Mercancías de México,Nacional,Importaciones,2012,07,Petroleras,3209.456,Cifras Definitivas
Balanza Comercial de Mercancías de México,Nacional,Importaciones,2012,07,No Petroleras,27494.594,Cifras Definitivas
Balanza Comercial de Mercancías de México,Nacional,Importaciones,2012,07,Bienes de Consumo,4177.291,Cifras Definitivas
Balanza Comercial de Mercancías de México,Nacional,Importaciones,2012,07,Bienes Intermedios,23390.967,Cifras Definitivas
Balanza Comercial de Mercancías de México,Nacional,Importaciones,2012,07,Bienes de Capital,3135.792,Cifras Definitivas
Balanza Comercial de Mercancías de México,Nacional,No aplica,2012,07,Balanza Comercial Total Exportaciones Totales - Importaciones Totales,-409.644,Cifras Definitivas
Balanza Comercial de Mercancías de México,Nacional,No aplica,2012,07,Balanza Comercial Total Exportaciones Totales - Importaciones Totales CIF,-1224.047,Cifras Definitivas
Balanza Comercial de Mercancías de México,Nacional,Exportaciones,2012,08,Exportaciones Totales,31660.136,Cifras Definitivas
Balanza Comercial de Mercancías de México,Nacional,Exportaciones,2012,08,Petroleras,4809.888,Cifras Definitivas
Balanza Comercial de Mercancías de México,Nacional,Exportaciones,2012,08,Petróleo Crudo,4238.029,Cifras Definitivas
Balanza Comercial de Mercancías de México,Nacional,Exportaciones,2012,08,Otras petroleras,571.859,Cifras Definitivas
Balanza Comercial de Mercancías de México,Nacional,Exportaciones,2012,08,No Petroleras,26850.248,Cifras Definitivas
Balanza Comercial de Mercancías de México,Nacional,Exportaciones,2012,08,Agropecuarias,570.652,Cifras Definitivas
Balanza Comercial de Mercancías de México,Nacional,Exportaciones,2012,08,Extractivas,441.836,Cifras Definitivas
Balanza Comercial de Mercancías de México,Nacional,Exportaciones,2012,08,Manufactureras,25837.76,Cifras Definitivas
Balanza Comercial de Mercancías de México,Nacional,Importaciones,2012,08,Importaciones Totales,32641.949,Cifras Definitivas
Balanza Comercial de Mercancías de México,Nacional,Importaciones,2012,08,Fletes y seguros de las importaciones,862.33,Cifras Definitivas
Balanza Comercial de Mercancías de México,Nacional,Importaciones,2012,08,Importaciones Totales CIF (Importaciones Totales + Fletes y seguros de las importaciones),33504.279,Cifras Definitivas
Balanza Comercial de Mercancías de México,Nacional,Importaciones,2012,08,Petroleras,3591.494,Cifras Definitivas
Balanza Comercial de Mercancías de México,Nacional,Importaciones,2012,08,No Petroleras,29050.455,Cifras Definitivas
Balanza Comercial de Mercancías de México,Nacional,Importaciones,2012,08,Bienes de Consumo,4781.706,Cifras Definitivas
Balanza Comercial de Mercancías de México,Nacional,Importaciones,2012,08,Bienes Intermedios,24463.475,Cifras Definitivas
Balanza Comercial de Mercancías de México,Nacional,Importaciones,2012,08,Bienes de Capital,3396.768,Cifras Definitivas
Balanza Comercial de Mercancías de México,Nacional,No aplica,2012,08,Balanza Comercial Total Exportaciones Totales - Importaciones Totales,-981.812999,Cifras Definitivas
Balanza Comercial de Mercancías de México,Nacional,No aplica,2012,08,Balanza Comercial Total Exportaciones Totales - Importaciones Totales CIF,-1844.143,Cifras Definitivas
Balanza Comercial de Mercancías de México,Nacional,Exportaciones,2012,09,Exportaciones Totales,29279.642,Cifras Definitivas
Balanza Comercial de Mercancías de México,Nacional,Exportaciones,2012,09,Petroleras,4573.095,Cifras Definitivas
Balanza Comercial de Mercancías de México,Nacional,Exportaciones,2012,09,Petróleo Crudo,4100.606,Cifras Definitivas
Balanza Comercial de Mercancías de México,Nacional,Exportaciones,2012,09,Otras petroleras,472.489,Cifras Definitivas
Balanza Comercial de Mercancías de México,Nacional,Exportaciones,2012,09,No Petroleras,24706.547,Cifras Definitivas
Balanza Comercial de Mercancías de México,Nacional,Exportaciones,2012,09,Agropecuarias,568.269,Cifras Definitivas
Balanza Comercial de Mercancías de México,Nacional,Exportaciones,2012,09,Extractivas,551.092,Cifras Definitivas
Balanza Comercial de Mercancías de México,Nacional,Exportaciones,2012,09,Manufactureras,23587.186,Cifras Definitivas
Balanza Comercial de Mercancías de México,Nacional,Importaciones,2012,09,Importaciones Totales,29069.597,Cifras Definitivas
Balanza Comercial de Mercancías de México,Nacional,Importaciones,2012,09,Fletes y seguros de las importaciones,765.408,Cifras Definitivas
Balanza Comercial de Mercancías de México,Nacional,Importaciones,2012,09,Importaciones Totales CIF (Importaciones Totales + Fletes y seguros de las importaciones),29835.005,Cifras Definitivas
Balanza Comercial de Mercancías de México,Nacional,Importaciones,2012,09,Petroleras,2986.736,Cifras Definitivas
Balanza Comercial de Mercancías de México,Nacional,Importaciones,2012,09,No Petroleras,26082.861,Cifras Definitivas
Balanza Comercial de Mercancías de México,Nacional,Importaciones,2012,09,Bienes de Consumo,4264.023,Cifras Definitivas
Balanza Comercial de Mercancías de México,Nacional,Importaciones,2012,09,Bienes Intermedios,21806.83,Cifras Definitivas
Balanza Comercial de Mercancías de México,Nacional,Importaciones,2012,09,Bienes de Capital,2998.744,Cifras Definitivas
Balanza Comercial de Mercancías de México,Nacional,No aplica,2012,09,Balanza Comercial Total Exportaciones Totales - Importaciones Totales,210.045,Cifras Definitivas
Balanza Comercial de Mercancías de México,Nacional,No aplica,2012,09,Balanza Comercial Total Exportaciones Totales - Importaciones Totales CIF,-555.363,Cifras Definitivas
Balanza Comercial de Mercancías de México,Nacional,Exportaciones,2012,10,Exportaciones Totales,33939.839,Cifras Definitivas
Balanza Comercial de Mercancías de México,Nacional,Exportaciones,2012,10,Petroleras,4641.024,Cifras Definitivas
Balanza Comercial de Mercancías de México,Nacional,Exportaciones,2012,10,Petróleo Crudo,4199.817,Cifras Definitivas
Balanza Comercial de Mercancías de México,Nacional,Exportaciones,2012,10,Otras petroleras,441.207,Cifras Definitivas
Balanza Comercial de Mercancías de México,Nacional,Exportaciones,2012,10,No Petroleras,29298.815,Cifras Definitivas
Balanza Comercial de Mercancías de México,Nacional,Exportaciones,2012,10,Agropecuarias,759.03,Cifras Definitivas
Balanza Comercial de Mercancías de México,Nacional,Exportaciones,2012,10,Extractivas,401.108,Cifras Definitivas
Balanza Comercial de Mercancías de México,Nacional,Exportaciones,2012,10,Manufactureras,28138.677,Cifras Definitivas
Balanza Comercial de Mercancías de México,Nacional,Importaciones,2012,10,Importaciones Totales,35564.836,Cifras Definitivas
Balanza Comercial de Mercancías de México,Nacional,Importaciones,2012,10,Fletes y seguros de las importaciones,930.182,Cifras Definitivas
Balanza Comercial de Mercancías de México,Nacional,Importaciones,2012,10,Importaciones Totales CIF (Importaciones Totales + Fletes y seguros de las importaciones),36495.017999,Cifras Definitivas
Balanza Comercial de Mercancías de México,Nacional,Importaciones,2012,10,Petroleras,4142.064,Cifras Definitivas
Balanza Comercial de Mercancías de México,Nacional,Importaciones,2012,10,No Petroleras,31422.772,Cifras Definitivas
Balanza Comercial de Mercancías de México,Nacional,Importaciones,2012,10,Bienes de Consumo,5374.863,Cifras Definitivas
Balanza Comercial de Mercancías de México,Nacional,Importaciones,2012,10,Bienes Intermedios,26546.682,Cifras Definitivas
Balanza Comercial de Mercancías de México,Nacional,Importaciones,2012,10,Bienes de Capital,3643.29,Cifras Definitivas
Balanza Comercial de Mercancías de México,Nacional,No aplica,2012,10,Balanza Comercial Total Exportaciones Totales - Importaciones Totales,-1624.997,Cifras Definitivas
Balanza Comercial de Mercancías de México,Nacional,No aplica,2012,10,Balanza Comercial Total Exportaciones Totales - Importaciones Totales CIF,-2555.179,Cifras Definitivas
Balanza Comercial de Mercancías de México,Nacional,Exportaciones,2012,11,Exportaciones Totales,31468.922,Cifras Definitivas
Balanza Comercial de Mercancías de México,Nacional,Exportaciones,2012,11,Petroleras,4315.928,Cifras Definitivas
Balanza Comercial de Mercancías de México,Nacional,Exportaciones,2012,11,Petróleo Crudo,3932.719,Cifras Definitivas
Balanza Comercial de Mercancías de México,Nacional,Exportaciones,2012,11,Otras petroleras,383.209,Cifras Definitivas
Balanza Comercial de Mercancías de México,Nacional,Exportaciones,2012,11,No Petroleras,27152.994,Cifras Definitivas
Balanza Comercial de Mercancías de México,Nacional,Exportaciones,2012,11,Agropecuarias,875.844,Cifras Definitivas
Balanza Comercial de Mercancías de México,Nacional,Exportaciones,2012,11,Extractivas,443.284,Cifras Definitivas
Balanza Comercial de Mercancías de México,Nacional,Exportaciones,2012,11,Manufactureras,25833.866,Cifras Definitivas
Balanza Comercial de Mercancías de México,Nacional,Importaciones,2012,11,Importaciones Totales,32716.357,Cifras Definitivas
Balanza Comercial de Mercancías de México,Nacional,Importaciones,2012,11,Fletes y seguros de las importaciones,845.125,Cifras Definitivas
Balanza Comercial de Mercancías de México,Nacional,Importaciones,2012,11,Importaciones Totales CIF (Importaciones Totales + Fletes y seguros de las importaciones),33561.482,Cifras Definitivas
Balanza Comercial de Mercancías de México,Nacional,Importaciones,2012,11,Petroleras,3686.289,Cifras Definitivas
Balanza Comercial de Mercancías de México,Nacional,Importaciones,2012,11,No Petroleras,29030.068,Cifras Definitivas
Balanza Comercial de Mercancías de México,Nacional,Importaciones,2012,11,Bienes de Consumo,5374.933,Cifras Definitivas
Balanza Comercial de Mercancías de México,Nacional,Importaciones,2012,11,Bienes Intermedios,23642.568,Cifras Definitivas
Balanza Comercial de Mercancías de México,Nacional,Importaciones,2012,11,Bienes de Capital,3698.856,Cifras Definitivas
Balanza Comercial de Mercancías de México,Nacional,No aplica,2012,11,Balanza Comercial Total Exportaciones Totales - Importaciones Totales,-1247.435,Cifras Definitivas
Balanza Comercial de Mercancías de México,Nacional,No aplica,2012,11,Balanza Comercial Total Exportaciones Totales - Importaciones Totales CIF,-2092.56,Cifras Definitivas
Balanza Comercial de Mercancías de México,Nacional,Exportaciones,2012,12,Exportaciones Totales,30209.376,Cifras Definitivas
Balanza Comercial de Mercancías de México,Nacional,Exportaciones,2012,12,Petroleras,3911.398,Cifras Definitivas
Balanza Comercial de Mercancías de México,Nacional,Exportaciones,2012,12,Petróleo Crudo,3519.09,Cifras Definitivas
Balanza Comercial de Mercancías de México,Nacional,Exportaciones,2012,12,Otras petroleras,392.308,Cifras Definitivas
Balanza Comercial de Mercancías de México,Nacional,Exportaciones,2012,12,No Petroleras,26297.978,Cifras Definitivas
Balanza Comercial de Mercancías de México,Nacional,Exportaciones,2012,12,Agropecuarias,955.909,Cifras Definitivas
Balanza Comercial de Mercancías de México,Nacional,Exportaciones,2012,12,Extractivas,365.657,Cifras Definitivas
Balanza Comercial de Mercancías de México,Nacional,Exportaciones,2012,12,Manufactureras,24976.412,Cifras Definitivas
Balanza Comercial de Mercancías de México,Nacional,Importaciones,2012,12,Importaciones Totales,29207.86,Cifras Definitivas
Balanza Comercial de Mercancías de México,Nacional,Importaciones,2012,12,Fletes y seguros de las importaciones,748.091,Cifras Definitivas
Balanza Comercial de Mercancías de México,Nacional,Importaciones,2012,12,Importaciones Totales CIF (Importaciones Totales + Fletes y seguros de las importaciones),29955.951,Cifras Definitivas
Balanza Comercial de Mercancías de México,Nacional,Importaciones,2012,12,Petroleras,2856.513,Cifras Definitivas
Balanza Comercial de Mercancías de México,Nacional,Importaciones,2012,12,No Petroleras,26351.347,Cifras Definitivas
Balanza Comercial de Mercancías de México,Nacional,Importaciones,2012,12,Bienes de Consumo,4170.05,Cifras Definitivas
Balanza Comercial de Mercancías de México,Nacional,Importaciones,2012,12,Bienes Intermedios,21632.114,Cifras Definitivas
Balanza Comercial de Mercancías de México,Nacional,Importaciones,2012,12,Bienes de Capital,3405.696,Cifras Definitivas
Balanza Comercial de Mercancías de México,Nacional,No aplica,2012,12,Balanza Comercial Total Exportaciones Totales - Importaciones Totales,1001.516,Cifras Definitivas
Balanza Comercial de Mercancías de México,Nacional,No aplica,2012,12,Balanza Comercial Total Exportaciones Totales - Importaciones Totales CIF,253.425,Cifras Definitivas
Balanza Comercial de Mercancías de México,Nacional,Exportaciones,2013,01,Exportaciones Totales,27298.537,Cifras Definitivas
Balanza Comercial de Mercancías de México,Nacional,Exportaciones,2013,01,Petroleras,4549.365,Cifras Definitivas
Balanza Comercial de Mercancías de México,Nacional,Exportaciones,2013,01,Petróleo Crudo,4021.07,Cifras Definitivas
Balanza Comercial de Mercancías de México,Nacional,Exportaciones,2013,01,Otras petroleras,528.295,Cifras Definitivas
Balanza Comercial de Mercancías de México,Nacional,Exportaciones,2013,01,No Petroleras,22749.172,Cifras Definitivas
Balanza Comercial de Mercancías de México,Nacional,Exportaciones,2013,01,Agropecuarias,990.173,Cifras Definitivas
Balanza Comercial de Mercancías de México,Nacional,Exportaciones,2013,01,Extractivas,288.66,Cifras Definitivas
Balanza Comercial de Mercancías de México,Nacional,Exportaciones,2013,01,Manufactureras,21470.339,Cifras Definitivas
Balanza Comercial de Mercancías de México,Nacional,Importaciones,2013,01,Importaciones Totales,30152.955,Cifras Definitivas
Balanza Comercial de Mercancías de México,Nacional,Importaciones,2013,01,Fletes y seguros de las importaciones,801.655999,Cifras Definitivas
Balanza Comercial de Mercancías de México,Nacional,Importaciones,2013,01,Importaciones Totales CIF (Importaciones Totales + Fletes y seguros de las importaciones),30954.611,Cifras Definitivas
Balanza Comercial de Mercancías de México,Nacional,Importaciones,2013,01,Petroleras,4008.873,Cifras Definitivas
Balanza Comercial de Mercancías de México,Nacional,Importaciones,2013,01,No Petroleras,26144.082,Cifras Definitivas
Balanza Comercial de Mercancías de México,Nacional,Importaciones,2013,01,Bienes de Consumo,4752.54,Cifras Definitivas
Balanza Comercial de Mercancías de México,Nacional,Importaciones,2013,01,Bienes Intermedios,22159.524,Cifras Definitivas
Balanza Comercial de Mercancías de México,Nacional,Importaciones,2013,01,Bienes de Capital,3240.891,Cifras Definitivas
Balanza Comercial de Mercancías de México,Nacional,No aplica,2013,01,Balanza Comercial Total Exportaciones Totales - Importaciones Totales,-2854.418,Cifras Definitivas
Balanza Comercial de Mercancías de México,Nacional,No aplica,2013,01,Balanza Comercial Total Exportaciones Totales - Importaciones Totales CIF,-3656.073999,Cifras Definitivas
Balanza Comercial de Mercancías de México,Nacional,Exportaciones,2013,02,Exportaciones Totales,29091.473,Cifras Definitivas
Balanza Comercial de Mercancías de México,Nacional,Exportaciones,2013,02,Petroleras,4084.912,Cifras Definitivas
Balanza Comercial de Mercancías de México,Nacional,Exportaciones,2013,02,Petróleo Crudo,3599.934,Cifras Definitivas
Balanza Comercial de Mercancías de México,Nacional,Exportaciones,2013,02,Otras petroleras,484.978,Cifras Definitivas
Balanza Comercial de Mercancías de México,Nacional,Exportaciones,2013,02,No Petroleras,25006.561,Cifras Definitivas
Balanza Comercial de Mercancías de México,Nacional,Exportaciones,2013,02,Agropecuarias,1043.716,Cifras Definitivas
Balanza Comercial de Mercancías de México,Nacional,Exportaciones,2013,02,Extractivas,318.37,Cifras Definitivas
Balanza Comercial de Mercancías de México,Nacional,Exportaciones,2013,02,Manufactureras,23644.475,Cifras Definitivas
Balanza Comercial de Mercancías de México,Nacional,Importaciones,2013,02,Importaciones Totales,29066.034,Cifras Definitivas
Balanza Comercial de Mercancías de México,Nacional,Importaciones,2013,02,Fletes y seguros de las importaciones,748.709,Cifras Definitivas
Balanza Comercial de Mercancías de México,Nacional,Importaciones,2013,02,Importaciones Totales CIF (Importaciones Totales + Fletes y seguros de las importaciones),29814.743,Cifras Definitivas
Balanza Comercial de Mercancías de México,Nacional,Importaciones,2013,02,Petroleras,3009.756,Cifras Definitivas
Balanza Comercial de Mercancías de México,Nacional,Importaciones,2013,02,No Petroleras,26056.278,Cifras Definitivas
Balanza Comercial de Mercancías de México,Nacional,Importaciones,2013,02,Bienes de Consumo,4176.103,Cifras Definitivas
Balanza Comercial de Mercancías de México,Nacional,Importaciones,2013,02,Bienes Intermedios,21971.618,Cifras Definitivas
Balanza Comercial de Mercancías de México,Nacional,Importaciones,2013,02,Bienes de Capital,2918.314,Cifras Definitivas
Balanza Comercial de Mercancías de México,Nacional,No aplica,2013,02,Balanza Comercial Total Exportaciones Totales - Importaciones Totales,25.439,Cifras Definitivas
Balanza Comercial de Mercancías de México,Nacional,No aplica,2013,02,Balanza Comercial Total Exportaciones Totales - Importaciones Totales CIF,-723.27,Cifras Definitivas
Balanza Comercial de Mercancías de México,Nacional,Exportaciones,2013,03,Exportaciones Totales,31838.072,Cifras Definitivas
Balanza Comercial de Mercancías de México,Nacional,Exportaciones,2013,03,Petroleras,4157.749,Cifras Definitivas
Balanza Comercial de Mercancías de México,Nacional,Exportaciones,2013,03,Petróleo Crudo,3521.293,Cifras Definitivas
Balanza Comercial de Mercancías de México,Nacional,Exportaciones,2013,03,Otras petroleras,636.456,Cifras Definitivas
Balanza Comercial de Mercancías de México,Nacional,Exportaciones,2013,03,No Petroleras,27680.323,Cifras Definitivas
Balanza Comercial de Mercancías de México,Nacional,Exportaciones,2013,03,Agropecuarias,1161.478,Cifras Definitivas
Balanza Comercial de Mercancías de México,Nacional,Exportaciones,2013,03,Extractivas,447.011,Cifras Definitivas
Balanza Comercial de Mercancías de México,Nacional,Exportaciones,2013,03,Manufactureras,26071.834,Cifras Definitivas
Balanza Comercial de Mercancías de México,Nacional,Importaciones,2013,03,Importaciones Totales,30127.821,Cifras Definitivas
Balanza Comercial de Mercancías de México,Nacional,Importaciones,2013,03,Fletes y seguros de las importaciones,767.525999,Cifras Definitivas
Balanza Comercial de Mercancías de México,Nacional,Importaciones,2013,03,Importaciones Totales CIF (Importaciones Totales + Fletes y seguros de las importaciones),30895.347,Cifras Definitivas
Balanza Comercial de Mercancías de México,Nacional,Importaciones,2013,03,Petroleras,3561.441,Cifras Definitivas
Balanza Comercial de Mercancías de México,Nacional,Importaciones,2013,03,No Petroleras,26566.38,Cifras Definitivas
Balanza Comercial de Mercancías de México,Nacional,Importaciones,2013,03,Bienes de Consumo,4718.7,Cifras Definitivas
Balanza Comercial de Mercancías de México,Nacional,Importaciones,2013,03,Bienes Intermedios,22488.626,Cifras Definitivas
Balanza Comercial de Mercancías de México,Nacional,Importaciones,2013,03,Bienes de Capital,2920.495,Cifras Definitivas
Balanza Comercial de Mercancías de México,Nacional,No aplica,2013,03,Balanza Comercial Total Exportaciones Totales - Importaciones Totales,1710.251,Cifras Definitivas
Balanza Comercial de Mercancías de México,Nacional,No aplica,2013,03,Balanza Comercial Total Exportaciones Totales - Importaciones Totales CIF,942.725,Cifras Definitivas
Balanza Comercial de Mercancías de México,Nacional,Exportaciones,2013,04,Exportaciones Totales,32729.138,Cifras Definitivas
Balanza Comercial de Mercancías de México,Nacional,Exportaciones,2013,04,Petroleras,4439.145,Cifras Definitivas
Balanza Comercial de Mercancías de México,Nacional,Exportaciones,2013,04,Petróleo Crudo,3791.606,Cifras Definitivas
Balanza Comercial de Mercancías de México,Nacional,Exportaciones,2013,04,Otras petroleras,647.539,Cifras Definitivas
Balanza Comercial de Mercancías de México,Nacional,Exportaciones,2013,04,No Petroleras,28289.993,Cifras Definitivas
Balanza Comercial de Mercancías de México,Nacional,Exportaciones,2013,04,Agropecuarias,1195.719,Cifras Definitivas
Balanza Comercial de Mercancías de México,Nacional,Exportaciones,2013,04,Extractivas,427.266,Cifras Definitivas
Balanza Comercial de Mercancías de México,Nacional,Exportaciones,2013,04,Manufactureras,26667.008,Cifras Definitivas
Balanza Comercial de Mercancías de México,Nacional,Importaciones,2013,04,Importaciones Totales,34087.541,Cifras Definitivas
Balanza Comercial de Mercancías de México,Nacional,Importaciones,2013,04,Fletes y seguros de las importaciones,855.859,Cifras Definitivas
Balanza Comercial de Mercancías de México,Nacional,Importaciones,2013,04,Importaciones Totales CIF (Importaciones Totales + Fletes y seguros de las importaciones),34943.4,Cifras Definitivas
Balanza Comercial de Mercancías de México,Nacional,Importaciones,2013,04,Petroleras,4138.032,Cifras Definitivas
Balanza Comercial de Mercancías de México,Nacional,Importaciones,2013,04,No Petroleras,29949.509,Cifras Definitivas
Balanza Comercial de Mercancías de México,Nacional,Importaciones,2013,04,Bienes de Consumo,5465.985,Cifras Definitivas
Balanza Comercial de Mercancías de México,Nacional,Importaciones,2013,04,Bienes Intermedios,25095.383,Cifras Definitivas
Balanza Comercial de Mercancías de México,Nacional,Importaciones,2013,04,Bienes de Capital,3526.173,Cifras Definitivas
Balanza Comercial de Mercancías de México,Nacional,No aplica,2013,04,Balanza Comercial Total Exportaciones Totales - Importaciones Totales,-1358.403,Cifras Definitivas
Balanza Comercial de Mercancías de México,Nacional,No aplica,2013,04,Balanza Comercial Total Exportaciones Totales - Importaciones Totales CIF,-2214.262,Cifras Definitivas
Balanza Comercial de Mercancías de México,Nacional,Exportaciones,2013,05,Exportaciones Totales,32845.282,Cifras Definitivas
Balanza Comercial de Mercancías de México,Nacional,Exportaciones,2013,05,Petroleras,3679.042,Cifras Definitivas
Balanza Comercial de Mercancías de México,Nacional,Exportaciones,2013,05,Petróleo Crudo,3148.618,Cifras Definitivas
Balanza Comercial de Mercancías de México,Nacional,Exportaciones,2013,05,Otras petroleras,530.424,Cifras Definitivas
Balanza Comercial de Mercancías de México,Nacional,Exportaciones,2013,05,No Petroleras,29166.24,Cifras Definitivas
Balanza Comercial de Mercancías de México,Nacional,Exportaciones,2013,05,Agropecuarias,1124.141,Cifras Definitivas
Balanza Comercial de Mercancías de México,Nacional,Exportaciones,2013,05,Extractivas,363.074,Cifras Definitivas
Balanza Comercial de Mercancías de México,Nacional,Exportaciones,2013,05,Manufactureras,27679.025,Cifras Definitivas
Balanza Comercial de Mercancías de México,Nacional,Importaciones,2013,05,Importaciones Totales,33305.574,Cifras Definitivas
Balanza Comercial de Mercancías de México,Nacional,Importaciones,2013,05,Fletes y seguros de las importaciones,858.977,Cifras Definitivas
Balanza Comercial de Mercancías de México,Nacional,Importaciones,2013,05,Importaciones Totales CIF (Importaciones Totales + Fletes y seguros de las importaciones),34164.551,Cifras Definitivas
Balanza Comercial de Mercancías de México,Nacional,Importaciones,2013,05,Petroleras,3374.257,Cifras Definitivas
Balanza Comercial de Mercancías de México,Nacional,Importaciones,2013,05,No Petroleras,29931.317,Cifras Definitivas
Balanza Comercial de Mercancías de México,Nacional,Importaciones,2013,05,Bienes de Consumo,4672.096,Cifras Definitivas
Balanza Comercial de Mercancías de México,Nacional,Importaciones,2013,05,Bienes Intermedios,25373.377,Cifras Definitivas
Balanza Comercial de Mercancías de México,Nacional,Importaciones,2013,05,Bienes de Capital,3260.101,Cifras Definitivas
Balanza Comercial de Mercancías de México,Nacional,No aplica,2013,05,Balanza Comercial Total Exportaciones Totales - Importaciones Totales,-460.292,Cifras Definitivas
Balanza Comercial de Mercancías de México,Nacional,No aplica,2013,05,Balanza Comercial Total Exportaciones Totales - Importaciones Totales CIF,-1319.269,Cifras Definitivas
Balanza Comercial de Mercancías de México,Nacional,Exportaciones,2013,06,Exportaciones Totales,31088.267,Cifras Definitivas
Balanza Comercial de Mercancías de México,Nacional,Exportaciones,2013,06,Petroleras,3726.564,Cifras Definitivas
Balanza Comercial de Mercancías de México,Nacional,Exportaciones,2013,06,Petróleo Crudo,3199.106,Cifras Definitivas
Balanza Comercial de Mercancías de México,Nacional,Exportaciones,2013,06,Otras petroleras,527.458,Cifras Definitivas
Balanza Comercial de Mercancías de México,Nacional,Exportaciones,2013,06,No Petroleras,27361.703,Cifras Definitivas
Balanza Comercial de Mercancías de México,Nacional,Exportaciones,2013,06,Agropecuarias,890.289,Cifras Definitivas
Balanza Comercial de Mercancías de México,Nacional,Exportaciones,2013,06,Extractivas,426.212,Cifras Definitivas
Balanza Comercial de Mercancías de México,Nacional,Exportaciones,2013,06,Manufactureras,26045.202,Cifras Definitivas
Balanza Comercial de Mercancías de México,Nacional,Importaciones,2013,06,Importaciones Totales,30168.158,Cifras Definitivas
Balanza Comercial de Mercancías de México,Nacional,Importaciones,2013,06,Fletes y seguros de las importaciones,767.041,Cifras Definitivas
Balanza Comercial de Mercancías de México,Nacional,Importaciones,2013,06,Importaciones Totales CIF (Importaciones Totales + Fletes y seguros de las importaciones),30935.199,Cifras Definitivas
Balanza Comercial de Mercancías de México,Nacional,Importaciones,2013,06,Petroleras,3073.041,Cifras Definitivas
Balanza Comercial de Mercancías de México,Nacional,Importaciones,2013,06,No Petroleras,27095.117,Cifras Definitivas
Balanza Comercial de Mercancías de México,Nacional,Importaciones,2013,06,Bienes de Consumo,4200.091,Cifras Definitivas
Balanza Comercial de Mercancías de México,Nacional,Importaciones,2013,06,Bienes Intermedios,22963.741,Cifras Definitivas
Balanza Comercial de Mercancías de México,Nacional,Importaciones,2013,06,Bienes de Capital,3004.326,Cifras Definitivas
Balanza Comercial de Mercancías de México,Nacional,No aplica,2013,06,Balanza Comercial Total Exportaciones Totales - Importaciones Totales,920.109,Cifras Definitivas
Balanza Comercial de Mercancías de México,Nacional,No aplica,2013,06,Balanza Comercial Total Exportaciones Totales - Importaciones Totales CIF,153.068,Cifras Definitivas
Balanza Comercial de Mercancías de México,Nacional,Exportaciones,2013,07,Exportaciones Totales,32252.174,Cifras Definitivas
Balanza Comercial de Mercancías de México,Nacional,Exportaciones,2013,07,Petroleras,4303.762,Cifras Definitivas
Balanza Comercial de Mercancías de México,Nacional,Exportaciones,2013,07,Petróleo Crudo,3786.788,Cifras Definitivas
Balanza Comercial de Mercancías de México,Nacional,Exportaciones,2013,07,Otras petroleras,516.974,Cifras Definitivas
Balanza Comercial de Mercancías de México,Nacional,Exportaciones,2013,07,No Petroleras,27948.412,Cifras Definitivas
Balanza Comercial de Mercancías de México,Nacional,Exportaciones,2013,07,Agropecuarias,717.021,Cifras Definitivas
Balanza Comercial de Mercancías de México,Nacional,Exportaciones,2013,07,Extractivas,314.901,Cifras Definitivas
Balanza Comercial de Mercancías de México,Nacional,Exportaciones,2013,07,Manufactureras,26916.49,Cifras Definitivas
Balanza Comercial de Mercancías de México,Nacional,Importaciones,2013,07,Importaciones Totales,33651.211,Cifras Definitivas
Balanza Comercial de Mercancías de México,Nacional,Importaciones,2013,07,Fletes y seguros de las importaciones,859.417,Cifras Definitivas
Balanza Comercial de Mercancías de México,Nacional,Importaciones,2013,07,Importaciones Totales CIF (Importaciones Totales + Fletes y seguros de las importaciones),34510.628,Cifras Definitivas
Balanza Comercial de Mercancías de México,Nacional,Importaciones,2013,07,Petroleras,3635.166,Cifras Definitivas
Balanza Comercial de Mercancías de México,Nacional,Importaciones,2013,07,No Petroleras,30016.045,Cifras Definitivas
Balanza Comercial de Mercancías de México,Nacional,Importaciones,2013,07,Bienes de Consumo,4828.804,Cifras Definitivas
Balanza Comercial de Mercancías de México,Nacional,Importaciones,2013,07,Bienes Intermedios,25352.123,Cifras Definitivas
Balanza Comercial de Mercancías de México,Nacional,Importaciones,2013,07,Bienes de Capital,3470.285,Cifras Definitivas
Balanza Comercial de Mercancías de México,Nacional,No aplica,2013,07,Balanza Comercial Total Exportaciones Totales - Importaciones Totales,-1399.037,Cifras Definitivas
Balanza Comercial de Mercancías de México,Nacional,No aplica,2013,07,Balanza Comercial Total Exportaciones Totales - Importaciones Totales CIF,-2258.454,Cifras Definitivas
Balanza Comercial de Mercancías de México,Nacional,Exportaciones,2013,08,Exportaciones Totales,32677.304,Cifras Definitivas
Balanza Comercial de Mercancías de México,Nacional,Exportaciones,2013,08,Petroleras,4174.492,Cifras Definitivas
Balanza Comercial de Mercancías de México,Nacional,Exportaciones,2013,08,Petróleo Crudo,3615.722,Cifras Definitivas
Balanza Comercial de Mercancías de México,Nacional,Exportaciones,2013,08,Otras petroleras,558.77,Cifras Definitivas
Balanza Comercial de Mercancías de México,Nacional,Exportaciones,2013,08,No Petroleras,28502.812,Cifras Definitivas
Balanza Comercial de Mercancías de México,Nacional,Exportaciones,2013,08,Agropecuarias,592.894,Cifras Definitivas
Balanza Comercial de Mercancías de México,Nacional,Exportaciones,2013,08,Extractivas,471.908,Cifras Definitivas
Balanza Comercial de Mercancías de México,Nacional,Exportaciones,2013,08,Manufactureras,27438.01,Cifras Definitivas
Balanza Comercial de Mercancías de México,Nacional,Importaciones,2013,08,Importaciones Totales,32902.205,Cifras Definitivas
Balanza Comercial de Mercancías de México,Nacional,Importaciones,2013,08,Fletes y seguros de las importaciones,852.897999,Cifras Definitivas
Balanza Comercial de Mercancías de México,Nacional,Importaciones,2013,08,Importaciones Totales CIF (Importaciones Totales + Fletes y seguros de las importaciones),33755.103,Cifras Definitivas
Balanza Comercial de Mercancías de México,Nacional,Importaciones,2013,08,Petroleras,3701.245,Cifras Definitivas
Balanza Comercial de Mercancías de México,Nacional,Importaciones,2013,08,No Petroleras,29200.96,Cifras Definitivas
Balanza Comercial de Mercancías de México,Nacional,Importaciones,2013,08,Bienes de Consumo,4981.58,Cifras Definitivas
Balanza Comercial de Mercancías de México,Nacional,Importaciones,2013,08,Bienes Intermedios,24685.083,Cifras Definitivas
Balanza Comercial de Mercancías de México,Nacional,Importaciones,2013,08,Bienes de Capital,3235.542,Cifras Definitivas
Balanza Comercial de Mercancías de México,Nacional,No aplica,2013,08,Balanza Comercial Total Exportaciones Totales - Importaciones Totales,-224.901,Cifras Definitivas
Balanza Comercial de Mercancías de México,Nacional,No aplica,2013,08,Balanza Comercial Total Exportaciones Totales - Importaciones Totales CIF,-1077.799,Cifras Definitivas
Balanza Comercial de Mercancías de México,Nacional,Exportaciones,2013,09,Exportaciones Totales,31377.763,Cifras Definitivas
Balanza Comercial de Mercancías de México,Nacional,Exportaciones,2013,09,Petroleras,4014.648,Cifras Definitivas
Balanza Comercial de Mercancías de México,Nacional,Exportaciones,2013,09,Petróleo Crudo,3575.614,Cifras Definitivas
Balanza Comercial de Mercancías de México,Nacional,Exportaciones,2013,09,Otras petroleras,439.034,Cifras Definitivas
Balanza Comercial de Mercancías de México,Nacional,Exportaciones,2013,09,No Petroleras,27363.115,Cifras Definitivas
Balanza Comercial de Mercancías de México,Nacional,Exportaciones,2013,09,Agropecuarias,602.293,Cifras Definitivas
Balanza Comercial de Mercancías de México,Nacional,Exportaciones,2013,09,Extractivas,390.714,Cifras Definitivas
Balanza Comercial de Mercancías de México,Nacional,Exportaciones,2013,09,Manufactureras,26370.108,Cifras Definitivas
Balanza Comercial de Mercancías de México,Nacional,Importaciones,2013,09,Importaciones Totales,30726.402,Cifras Definitivas
Balanza Comercial de Mercancías de México,Nacional,Importaciones,2013,09,Fletes y seguros de las importaciones,787.217,Cifras Definitivas
Balanza Comercial de Mercancías de México,Nacional,Importaciones,2013,09,Importaciones Totales CIF (Importaciones Totales + Fletes y seguros de las importaciones),31513.619,Cifras Definitivas
Balanza Comercial de Mercancías de México,Nacional,Importaciones,2013,09,Petroleras,3108.59,Cifras Definitivas
Balanza Comercial de Mercancías de México,Nacional,Importaciones,2013,09,No Petroleras,27617.812,Cifras Definitivas
Balanza Comercial de Mercancías de México,Nacional,Importaciones,2013,09,Bienes de Consumo,4689.924,Cifras Definitivas
Balanza Comercial de Mercancías de México,Nacional,Importaciones,2013,09,Bienes Intermedios,23134.013,Cifras Definitivas
Balanza Comercial de Mercancías de México,Nacional,Importaciones,2013,09,Bienes de Capital,2902.466,Cifras Definitivas
Balanza Comercial de Mercancías de México,Nacional,No aplica,2013,09,Balanza Comercial Total Exportaciones Totales - Importaciones Totales,651.361,Cifras Definitivas
Balanza Comercial de Mercancías de México,Nacional,No aplica,2013,09,Balanza Comercial Total Exportaciones Totales - Importaciones Totales CIF,-135.856,Cifras Definitivas
Balanza Comercial de Mercancías de México,Nacional,Exportaciones,2013,10,Exportaciones Totales,35082.425,Cifras Definitivas
Balanza Comercial de Mercancías de México,Nacional,Exportaciones,2013,10,Petroleras,4340.204,Cifras Definitivas
Balanza Comercial de Mercancías de México,Nacional,Exportaciones,2013,10,Petróleo Crudo,3512.138,Cifras Definitivas
Balanza Comercial de Mercancías de México,Nacional,Exportaciones,2013,10,Otras petroleras,828.066,Cifras Definitivas
Balanza Comercial de Mercancías de México,Nacional,Exportaciones,2013,10,No Petroleras,30742.221,Cifras Definitivas
Balanza Comercial de Mercancías de México,Nacional,Exportaciones,2013,10,Agropecuarias,846.17,Cifras Definitivas
Balanza Comercial de Mercancías de México,Nacional,Exportaciones,2013,10,Extractivas,357.491,Cifras Definitivas
Balanza Comercial de Mercancías de México,Nacional,Exportaciones,2013,10,Manufactureras,29538.56,Cifras Definitivas
Balanza Comercial de Mercancías de México,Nacional,Importaciones,2013,10,Importaciones Totales,35217.067,Cifras Definitivas
Balanza Comercial de Mercancías de México,Nacional,Importaciones,2013,10,Fletes y seguros de las importaciones,902.836,Cifras Definitivas
Balanza Comercial de Mercancías de México,Nacional,Importaciones,2013,10,Importaciones Totales CIF (Importaciones Totales + Fletes y seguros de las importaciones),36119.903,Cifras Definitivas
Balanza Comercial de Mercancías de México,Nacional,Importaciones,2013,10,Petroleras,3271.853,Cifras Definitivas
Balanza Comercial de Mercancías de México,Nacional,Importaciones,2013,10,No Petroleras,31945.214,Cifras Definitivas
Balanza Comercial de Mercancías de México,Nacional,Importaciones,2013,10,Bienes de Consumo,5492.615,Cifras Definitivas
Balanza Comercial de Mercancías de México,Nacional,Importaciones,2013,10,Bienes Intermedios,26124.642,Cifras Definitivas
Balanza Comercial de Mercancías de México,Nacional,Importaciones,2013,10,Bienes de Capital,3599.81,Cifras Definitivas
Balanza Comercial de Mercancías de México,Nacional,No aplica,2013,10,Balanza Comercial Total Exportaciones Totales - Importaciones Totales,-134.642,Cifras Definitivas
Balanza Comercial de Mercancías de México,Nacional,No aplica,2013,10,Balanza Comercial Total Exportaciones Totales - Importaciones Totales CIF,-1037.478,Cifras Definitivas
Balanza Comercial de Mercancías de México,Nacional,Exportaciones,2013,11,Exportaciones Totales,31673.409,Cifras Definitivas
Balanza Comercial de Mercancías de México,Nacional,Exportaciones,2013,11,Petroleras,3637.949,Cifras Definitivas
Balanza Comercial de Mercancías de México,Nacional,Exportaciones,2013,11,Petróleo Crudo,3223.327,Cifras Definitivas
Balanza Comercial de Mercancías de México,Nacional,Exportaciones,2013,11,Otras petroleras,414.622,Cifras Definitivas
Balanza Comercial de Mercancías de México,Nacional,Exportaciones,2013,11,No Petroleras,28035.46,Cifras Definitivas
Balanza Comercial de Mercancías de México,Nacional,Exportaciones,2013,11,Agropecuarias,992.62,Cifras Definitivas
Balanza Comercial de Mercancías de México,Nacional,Exportaciones,2013,11,Extractivas,399.698,Cifras Definitivas
Balanza Comercial de Mercancías de México,Nacional,Exportaciones,2013,11,Manufactureras,26643.142,Cifras Definitivas
Balanza Comercial de Mercancías de México,Nacional,Importaciones,2013,11,Importaciones Totales,31363.977,Cifras Definitivas
Balanza Comercial de Mercancías de México,Nacional,Importaciones,2013,11,Fletes y seguros de las importaciones,780.571,Cifras Definitivas
Balanza Comercial de Mercancías de México,Nacional,Importaciones,2013,11,Importaciones Totales CIF (Importaciones Totales + Fletes y seguros de las importaciones),32144.548,Cifras Definitivas
Balanza Comercial de Mercancías de México,Nacional,Importaciones,2013,11,Petroleras,2953.549,Cifras Definitivas
Balanza Comercial de Mercancías de México,Nacional,Importaciones,2013,11,No Petroleras,28410.428,Cifras Definitivas
Balanza Comercial de Mercancías de México,Nacional,Importaciones,2013,11,Bienes de Consumo,4775.81,Cifras Definitivas
Balanza Comercial de Mercancías de México,Nacional,Importaciones,2013,11,Bienes Intermedios,23244.747,Cifras Definitivas
Balanza Comercial de Mercancías de México,Nacional,Importaciones,2013,11,Bienes de Capital,3343.42,Cifras Definitivas
Balanza Comercial de Mercancías de México,Nacional,No aplica,2013,11,Balanza Comercial Total Exportaciones Totales - Importaciones Totales,309.432,Cifras Definitivas
Balanza Comercial de Mercancías de México,Nacional,No aplica,2013,11,Balanza Comercial Total Exportaciones Totales - Importaciones Totales CIF,-471.139,Cifras Definitivas
Balanza Comercial de Mercancías de México,Nacional,Exportaciones,2013,12,Exportaciones Totales,32061.207,Cifras Definitivas
Balanza Comercial de Mercancías de México,Nacional,Exportaciones,2013,12,Petroleras,4373.637,Cifras Definitivas
Balanza Comercial de Mercancías de México,Nacional,Exportaciones,2013,12,Petróleo Crudo,3716.439,Cifras Definitivas
Balanza Comercial de Mercancías de México,Nacional,Exportaciones,2013,12,Otras petroleras,657.198,Cifras Definitivas
Balanza Comercial de Mercancías de México,Nacional,Exportaciones,2013,12,No Petroleras,27687.57,Cifras Definitivas
Balanza Comercial de Mercancías de México,Nacional,Exportaciones,2013,12,Agropecuarias,1145.584,Cifras Definitivas
Balanza Comercial de Mercancías de México,Nacional,Exportaciones,2013,12,Extractivas,509.073,Cifras Definitivas
Balanza Comercial de Mercancías de México,Nacional,Exportaciones,2013,12,Manufactureras,26032.913,Cifras Definitivas
Balanza Comercial de Mercancías de México,Nacional,Importaciones,2013,12,Importaciones Totales,30441.223,Cifras Definitivas
Balanza Comercial de Mercancías de México,Nacional,Importaciones,2013,12,Fletes y seguros de las importaciones,772.535999,Cifras Definitivas
Balanza Comercial de Mercancías de México,Nacional,Importaciones,2013,12,Importaciones Totales CIF (Importaciones Totales + Fletes y seguros de las importaciones),31213.759,Cifras Definitivas
Balanza Comercial de Mercancías de México,Nacional,Importaciones,2013,12,Petroleras,3032.033,Cifras Definitivas
Balanza Comercial de Mercancías de México,Nacional,Importaciones,2013,12,No Petroleras,27409.19,Cifras Definitivas
Balanza Comercial de Mercancías de México,Nacional,Importaciones,2013,12,Bienes de Consumo,4575.136,Cifras Definitivas
Balanza Comercial de Mercancías de México,Nacional,Importaciones,2013,12,Bienes Intermedios,22230.521,Cifras Definitivas
Balanza Comercial de Mercancías de México,Nacional,Importaciones,2013,12,Bienes de Capital,3635.566,Cifras Definitivas
Balanza Comercial de Mercancías de México,Nacional,No aplica,2013,12,Balanza Comercial Total Exportaciones Totales - Importaciones Totales,1619.984,Cifras Definitivas
Balanza Comercial de Mercancías de México,Nacional,No aplica,2013,12,Balanza Comercial Total Exportaciones Totales - Importaciones Totales CIF,847.447999,Cifras Definitivas
Balanza Comercial de Mercancías de México,Nacional,Exportaciones,2014,01,Exportaciones Totales,27052.385,Cifras Definitivas
Balanza Comercial de Mercancías de México,Nacional,Exportaciones,2014,01,Petroleras,3827.883,Cifras Definitivas
Balanza Comercial de Mercancías de México,Nacional,Exportaciones,2014,01,Petróleo Crudo,3291.522,Cifras Definitivas
Balanza Comercial de Mercancías de México,Nacional,Exportaciones,2014,01,Otras petroleras,536.361,Cifras Definitivas
Balanza Comercial de Mercancías de México,Nacional,Exportaciones,2014,01,No Petroleras,23224.502,Cifras Definitivas
Balanza Comercial de Mercancías de México,Nacional,Exportaciones,2014,01,Agropecuarias,1084.33,Cifras Definitivas
Balanza Comercial de Mercancías de México,Nacional,Exportaciones,2014,01,Extractivas,361.641,Cifras Definitivas
Balanza Comercial de Mercancías de México,Nacional,Exportaciones,2014,01,Manufactureras,21778.531,Cifras Definitivas
Balanza Comercial de Mercancías de México,Nacional,Importaciones,2014,01,Importaciones Totales,30233.531,Cifras Definitivas
Balanza Comercial de Mercancías de México,Nacional,Importaciones,2014,01,Fletes y seguros de las importaciones,867.685,Cifras Definitivas
Balanza Comercial de Mercancías de México,Nacional,Importaciones,2014,01,Importaciones Totales CIF (Importaciones Totales + Fletes y seguros de las importaciones),31101.216,Cifras Definitivas
Balanza Comercial de Mercancías de México,Nacional,Importaciones,2014,01,Petroleras,3753.703,Cifras Definitivas
Balanza Comercial de Mercancías de México,Nacional,Importaciones,2014,01,No Petroleras,26479.827,Cifras Definitivas
Balanza Comercial de Mercancías de México,Nacional,Importaciones,2014,01,Bienes de Consumo,4745.484,Cifras Definitivas
Balanza Comercial de Mercancías de México,Nacional,Importaciones,2014,01,Bienes Intermedios,22325.364,Cifras Definitivas
Balanza Comercial de Mercancías de México,Nacional,Importaciones,2014,01,Bienes de Capital,3162.683,Cifras Definitivas
Balanza Comercial de Mercancías de México,Nacional,No aplica,2014,01,Balanza Comercial Total Exportaciones Totales - Importaciones Totales,-3181.146,Cifras Definitivas
Balanza Comercial de Mercancías de México,Nacional,No aplica,2014,01,Balanza Comercial Total Exportaciones Totales - Importaciones Totales CIF,-4048.831,Cifras Definitivas
Balanza Comercial de Mercancías de México,Nacional,Exportaciones,2014,02,Exportaciones Totales,30461.527,Cifras Definitivas
Balanza Comercial de Mercancías de México,Nacional,Exportaciones,2014,02,Petroleras,3924.527,Cifras Definitivas
Balanza Comercial de Mercancías de México,Nacional,Exportaciones,2014,02,Petróleo Crudo,3324.139,Cifras Definitivas
Balanza Comercial de Mercancías de México,Nacional,Exportaciones,2014,02,Otras petroleras,600.388,Cifras Definitivas
Balanza Comercial de Mercancías de México,Nacional,Exportaciones,2014,02,No Petroleras,26537,Cifras Definitivas
Balanza Comercial de Mercancías de México,Nacional,Exportaciones,2014,02,Agropecuarias,1113.931,Cifras Definitivas
Balanza Comercial de Mercancías de México,Nacional,Exportaciones,2014,02,Extractivas,424.812,Cifras Definitivas
Balanza Comercial de Mercancías de México,Nacional,Exportaciones,2014,02,Manufactureras,24998.257,Cifras Definitivas
Balanza Comercial de Mercancías de México,Nacional,Importaciones,2014,02,Importaciones Totales,29543.472,Cifras Definitivas
Balanza Comercial de Mercancías de México,Nacional,Importaciones,2014,02,Fletes y seguros de las importaciones,871.164,Cifras Definitivas
Balanza Comercial de Mercancías de México,Nacional,Importaciones,2014,02,Importaciones Totales CIF (Importaciones Totales + Fletes y seguros de las importaciones),30414.636,Cifras Definitivas
Balanza Comercial de Mercancías de México,Nacional,Importaciones,2014,02,Petroleras,3211.009,Cifras Definitivas
Balanza Comercial de Mercancías de México,Nacional,Importaciones,2014,02,No Petroleras,26332.463,Cifras Definitivas
Balanza Comercial de Mercancías de México,Nacional,Importaciones,2014,02,Bienes de Consumo,4184.401,Cifras Definitivas
Balanza Comercial de Mercancías de México,Nacional,Importaciones,2014,02,Bienes Intermedios,22471.659,Cifras Definitivas
Balanza Comercial de Mercancías de México,Nacional,Importaciones,2014,02,Bienes de Capital,2887.412,Cifras Definitivas
Balanza Comercial de Mercancías de México,Nacional,No aplica,2014,02,Balanza Comercial Total Exportaciones Totales - Importaciones Totales,918.055,Cifras Definitivas
Balanza Comercial de Mercancías de México,Nacional,No aplica,2014,02,Balanza Comercial Total Exportaciones Totales - Importaciones Totales CIF,46.891,Cifras Definitivas
Balanza Comercial de Mercancías de México,Nacional,Exportaciones,2014,03,Exportaciones Totales,33245.192,Cifras Definitivas
Balanza Comercial de Mercancías de México,Nacional,Exportaciones,2014,03,Petroleras,3748.694,Cifras Definitivas
Balanza Comercial de Mercancías de México,Nacional,Exportaciones,2014,03,Petróleo Crudo,3283.202,Cifras Definitivas
Balanza Comercial de Mercancías de México,Nacional,Exportaciones,2014,03,Otras petroleras,465.492,Cifras Definitivas
Balanza Comercial de Mercancías de México,Nacional,Exportaciones,2014,03,No Petroleras,29496.499,Cifras Definitivas
Balanza Comercial de Mercancías de México,Nacional,Exportaciones,2014,03,Agropecuarias,1216.269,Cifras Definitivas
Balanza Comercial de Mercancías de México,Nacional,Exportaciones,2014,03,Extractivas,478.208,Cifras Definitivas
Balanza Comercial de Mercancías de México,Nacional,Exportaciones,2014,03,Manufactureras,27802.022,Cifras Definitivas
Balanza Comercial de Mercancías de México,Nacional,Importaciones,2014,03,Importaciones Totales,32287.36,Cifras Definitivas
Balanza Comercial de Mercancías de México,Nacional,Importaciones,2014,03,Fletes y seguros de las importaciones,933.642,Cifras Definitivas
Balanza Comercial de Mercancías de México,Nacional,Importaciones,2014,03,Importaciones Totales CIF (Importaciones Totales + Fletes y seguros de las importaciones),33221.002,Cifras Definitivas
Balanza Comercial de Mercancías de México,Nacional,Importaciones,2014,03,Petroleras,3314.81,Cifras Definitivas
Balanza Comercial de Mercancías de México,Nacional,Importaciones,2014,03,No Petroleras,28972.55,Cifras Definitivas
Balanza Comercial de Mercancías de México,Nacional,Importaciones,2014,03,Bienes de Consumo,4335.074,Cifras Definitivas
Balanza Comercial de Mercancías de México,Nacional,Importaciones,2014,03,Bienes Intermedios,24793.002,Cifras Definitivas
Balanza Comercial de Mercancías de México,Nacional,Importaciones,2014,03,Bienes de Capital,3159.285,Cifras Definitivas
Balanza Comercial de Mercancías de México,Nacional,No aplica,2014,03,Balanza Comercial Total Exportaciones Totales - Importaciones Totales,957.832,Cifras Definitivas
Balanza Comercial de Mercancías de México,Nacional,No aplica,2014,03,Balanza Comercial Total Exportaciones Totales - Importaciones Totales CIF,24.19,Cifras Definitivas
Balanza Comercial de Mercancías de México,Nacional,Exportaciones,2014,04,Exportaciones Totales,34059.95,Cifras Definitivas
Balanza Comercial de Mercancías de México,Nacional,Exportaciones,2014,04,Petroleras,3786.861,Cifras Definitivas
Balanza Comercial de Mercancías de México,Nacional,Exportaciones,2014,04,Petróleo Crudo,3016.458,Cifras Definitivas
Balanza Comercial de Mercancías de México,Nacional,Exportaciones,2014,04,Otras petroleras,770.403,Cifras Definitivas
Balanza Comercial de Mercancías de México,Nacional,Exportaciones,2014,04,No Petroleras,30273.089,Cifras Definitivas
Balanza Comercial de Mercancías de México,Nacional,Exportaciones,2014,04,Agropecuarias,1277.974,Cifras Definitivas
Balanza Comercial de Mercancías de México,Nacional,Exportaciones,2014,04,Extractivas,437.323,Cifras Definitivas
Balanza Comercial de Mercancías de México,Nacional,Exportaciones,2014,04,Manufactureras,28557.793,Cifras Definitivas
Balanza Comercial de Mercancías de México,Nacional,Importaciones,2014,04,Importaciones Totales,33561.872,Cifras Definitivas
Balanza Comercial de Mercancías de México,Nacional,Importaciones,2014,04,Fletes y seguros de las importaciones,1007.217,Cifras Definitivas
Balanza Comercial de Mercancías de México,Nacional,Importaciones,2014,04,Importaciones Totales CIF (Importaciones Totales + Fletes y seguros de las importaciones),34569.089,Cifras Definitivas
Balanza Comercial de Mercancías de México,Nacional,Importaciones,2014,04,Petroleras,3817.554,Cifras Definitivas
Balanza Comercial de Mercancías de México,Nacional,Importaciones,2014,04,No Petroleras,29744.318,Cifras Definitivas
Balanza Comercial de Mercancías de México,Nacional,Importaciones,2014,04,Bienes de Consumo,5082.452,Cifras Definitivas
Balanza Comercial de Mercancías de México,Nacional,Importaciones,2014,04,Bienes Intermedios,25275.22,Cifras Definitivas
Balanza Comercial de Mercancías de México,Nacional,Importaciones,2014,04,Bienes de Capital,3204.2,Cifras Definitivas
Balanza Comercial de Mercancías de México,Nacional,No aplica,2014,04,Balanza Comercial Total Exportaciones Totales - Importaciones Totales,498.078,Cifras Definitivas
Balanza Comercial de Mercancías de México,Nacional,No aplica,2014,04,Balanza Comercial Total Exportaciones Totales - Importaciones Totales CIF,-509.139,Cifras Definitivas
Balanza Comercial de Mercancías de México,Nacional,Exportaciones,2014,05,Exportaciones Totales,34373.788,Cifras Definitivas
Balanza Comercial de Mercancías de México,Nacional,Exportaciones,2014,05,Petroleras,3805.631,Cifras Definitivas
Balanza Comercial de Mercancías de México,Nacional,Exportaciones,2014,05,Petróleo Crudo,3348.793,Cifras Definitivas
Balanza Comercial de Mercancías de México,Nacional,Exportaciones,2014,05,Otras petroleras,456.838,Cifras Definitivas
Balanza Comercial de Mercancías de México,Nacional,Exportaciones,2014,05,No Petroleras,30568.157,Cifras Definitivas
Balanza Comercial de Mercancías de México,Nacional,Exportaciones,2014,05,Agropecuarias,1158.25,Cifras Definitivas
Balanza Comercial de Mercancías de México,Nacional,Exportaciones,2014,05,Extractivas,441.27,Cifras Definitivas
Balanza Comercial de Mercancías de México,Nacional,Exportaciones,2014,05,Manufactureras,28968.636,Cifras Definitivas
Balanza Comercial de Mercancías de México,Nacional,Importaciones,2014,05,Importaciones Totales,34251.128,Cifras Definitivas
Balanza Comercial de Mercancías de México,Nacional,Importaciones,2014,05,Fletes y seguros de las importaciones,1008.275,Cifras Definitivas
Balanza Comercial de Mercancías de México,Nacional,Importaciones,2014,05,Importaciones Totales CIF (Importaciones Totales + Fletes y seguros de las importaciones),35259.403,Cifras Definitivas
Balanza Comercial de Mercancías de México,Nacional,Importaciones,2014,05,Petroleras,3219.5,Cifras Definitivas
Balanza Comercial de Mercancías de México,Nacional,Importaciones,2014,05,No Petroleras,31031.629,Cifras Definitivas
Balanza Comercial de Mercancías de México,Nacional,Importaciones,2014,05,Bienes de Consumo,4545.713,Cifras Definitivas
Balanza Comercial de Mercancías de México,Nacional,Importaciones,2014,05,Bienes Intermedios,26438.555,Cifras Definitivas
Balanza Comercial de Mercancías de México,Nacional,Importaciones,2014,05,Bienes de Capital,3266.861,Cifras Definitivas
Balanza Comercial de Mercancías de México,Nacional,No aplica,2014,05,Balanza Comercial Total Exportaciones Totales - Importaciones Totales,122.66,Cifras Definitivas
Balanza Comercial de Mercancías de México,Nacional,No aplica,2014,05,Balanza Comercial Total Exportaciones Totales - Importaciones Totales CIF,-885.615,Cifras Definitivas
Balanza Comercial de Mercancías de México,Nacional,Exportaciones,2014,06,Exportaciones Totales,33436.311,Cifras Definitivas
Balanza Comercial de Mercancías de México,Nacional,Exportaciones,2014,06,Petroleras,3890.362,Cifras Definitivas
Balanza Comercial de Mercancías de México,Nacional,Exportaciones,2014,06,Petróleo Crudo,3187.028,Cifras Definitivas
Balanza Comercial de Mercancías de México,Nacional,Exportaciones,2014,06,Otras petroleras,703.333,Cifras Definitivas
Balanza Comercial de Mercancías de México,Nacional,Exportaciones,2014,06,No Petroleras,29545.949,Cifras Definitivas
Balanza Comercial de Mercancías de México,Nacional,Exportaciones,2014,06,Agropecuarias,993.71,Cifras Definitivas
Balanza Comercial de Mercancías de México,Nacional,Exportaciones,2014,06,Extractivas,566.01,Cifras Definitivas
Balanza Comercial de Mercancías de México,Nacional,Exportaciones,2014,06,Manufactureras,27986.229,Cifras Definitivas
Balanza Comercial de Mercancías de México,Nacional,Importaciones,2014,06,Importaciones Totales,33050.55,Cifras Definitivas
Balanza Comercial de Mercancías de México,Nacional,Importaciones,2014,06,Fletes y seguros de las importaciones,947.174,Cifras Definitivas
Balanza Comercial de Mercancías de México,Nacional,Importaciones,2014,06,Importaciones Totales CIF (Importaciones Totales + Fletes y seguros de las importaciones),33997.724,Cifras Definitivas
Balanza Comercial de Mercancías de México,Nacional,Importaciones,2014,06,Petroleras,3361.802,Cifras Definitivas
Balanza Comercial de Mercancías de México,Nacional,Importaciones,2014,06,No Petroleras,29688.747,Cifras Definitivas
Balanza Comercial de Mercancías de México,Nacional,Importaciones,2014,06,Bienes de Consumo,4641.601,Cifras Definitivas
Balanza Comercial de Mercancías de México,Nacional,Importaciones,2014,06,Bienes Intermedios,25303.845,Cifras Definitivas
Balanza Comercial de Mercancías de México,Nacional,Importaciones,2014,06,Bienes de Capital,3105.103,Cifras Definitivas
Balanza Comercial de Mercancías de México,Nacional,No aplica,2014,06,Balanza Comercial Total Exportaciones Totales - Importaciones Totales,385.761,Cifras Definitivas
Balanza Comercial de Mercancías de México,Nacional,No aplica,2014,06,Balanza Comercial Total Exportaciones Totales - Importaciones Totales CIF,-561.413,Cifras Definitivas
Balanza Comercial de Mercancías de México,Nacional,Exportaciones,2014,07,Exportaciones Totales,33687.101,Cifras Definitivas
Balanza Comercial de Mercancías de México,Nacional,Exportaciones,2014,07,Petroleras,3428.666,Cifras Definitivas
Balanza Comercial de Mercancías de México,Nacional,Exportaciones,2014,07,Petróleo Crudo,2992.598,Cifras Definitivas
Balanza Comercial de Mercancías de México,Nacional,Exportaciones,2014,07,Otras petroleras,436.068,Cifras Definitivas
Balanza Comercial de Mercancías de México,Nacional,Exportaciones,2014,07,No Petroleras,30258.435,Cifras Definitivas
Balanza Comercial de Mercancías de México,Nacional,Exportaciones,2014,07,Agropecuarias,853.133,Cifras Definitivas
Balanza Comercial de Mercancías de México,Nacional,Exportaciones,2014,07,Extractivas,455.206,Cifras Definitivas
Balanza Comercial de Mercancías de México,Nacional,Exportaciones,2014,07,Manufactureras,28950.096,Cifras Definitivas
Balanza Comercial de Mercancías de México,Nacional,Importaciones,2014,07,Importaciones Totales,34690.783,Cifras Definitivas
Balanza Comercial de Mercancías de México,Nacional,Importaciones,2014,07,Fletes y seguros de las importaciones,1009.22,Cifras Definitivas
Balanza Comercial de Mercancías de México,Nacional,Importaciones,2014,07,Importaciones Totales CIF (Importaciones Totales + Fletes y seguros de las importaciones),35700.003,Cifras Definitivas
Balanza Comercial de Mercancías de México,Nacional,Importaciones,2014,07,Petroleras,3272.304,Cifras Definitivas
Balanza Comercial de Mercancías de México,Nacional,Importaciones,2014,07,No Petroleras,31418.479,Cifras Definitivas
Balanza Comercial de Mercancías de México,Nacional,Importaciones,2014,07,Bienes de Consumo,4948.611,Cifras Definitivas
Balanza Comercial de Mercancías de México,Nacional,Importaciones,2014,07,Bienes Intermedios,26127.264,Cifras Definitivas
Balanza Comercial de Mercancías de México,Nacional,Importaciones,2014,07,Bienes de Capital,3614.908,Cifras Definitivas
Balanza Comercial de Mercancías de México,Nacional,No aplica,2014,07,Balanza Comercial Total Exportaciones Totales - Importaciones Totales,-1003.682,Cifras Definitivas
Balanza Comercial de Mercancías de México,Nacional,No aplica,2014,07,Balanza Comercial Total Exportaciones Totales - Importaciones Totales CIF,-2012.902,Cifras Definitivas
Balanza Comercial de Mercancías de México,Nacional,Exportaciones,2014,08,Exportaciones Totales,33286.822,Cifras Definitivas
Balanza Comercial de Mercancías de México,Nacional,Exportaciones,2014,08,Petroleras,3671.599,Cifras Definitivas
Balanza Comercial de Mercancías de México,Nacional,Exportaciones,2014,08,Petróleo Crudo,3135.684,Cifras Definitivas
Balanza Comercial de Mercancías de México,Nacional,Exportaciones,2014,08,Otras petroleras,535.916,Cifras Definitivas
Balanza Comercial de Mercancías de México,Nacional,Exportaciones,2014,08,No Petroleras,29615.222,Cifras Definitivas
Balanza Comercial de Mercancías de México,Nacional,Exportaciones,2014,08,Agropecuarias,626.132,Cifras Definitivas
Balanza Comercial de Mercancías de México,Nacional,Exportaciones,2014,08,Extractivas,352.051,Cifras Definitivas
Balanza Comercial de Mercancías de México,Nacional,Exportaciones,2014,08,Manufactureras,28637.039,Cifras Definitivas
Balanza Comercial de Mercancías de México,Nacional,Importaciones,2014,08,Importaciones Totales,34483.635,Cifras Definitivas
Balanza Comercial de Mercancías de México,Nacional,Importaciones,2014,08,Fletes y seguros de las importaciones,992.689,Cifras Definitivas
Balanza Comercial de Mercancías de México,Nacional,Importaciones,2014,08,Importaciones Totales CIF (Importaciones Totales + Fletes y seguros de las importaciones),35476.324,Cifras Definitivas
Balanza Comercial de Mercancías de México,Nacional,Importaciones,2014,08,Petroleras,3488.363,Cifras Definitivas
Balanza Comercial de Mercancías de México,Nacional,Importaciones,2014,08,No Petroleras,30995.272,Cifras Definitivas
Balanza Comercial de Mercancías de México,Nacional,Importaciones,2014,08,Bienes de Consumo,5009.19,Cifras Definitivas
Balanza Comercial de Mercancías de México,Nacional,Importaciones,2014,08,Bienes Intermedios,26247.732,Cifras Definitivas
Balanza Comercial de Mercancías de México,Nacional,Importaciones,2014,08,Bienes de Capital,3226.714,Cifras Definitivas
Balanza Comercial de Mercancías de México,Nacional,No aplica,2014,08,Balanza Comercial Total Exportaciones Totales - Importaciones Totales,-1196.813,Cifras Definitivas
Balanza Comercial de Mercancías de México,Nacional,No aplica,2014,08,Balanza Comercial Total Exportaciones Totales - Importaciones Totales CIF,-2189.502,Cifras Definitivas
Balanza Comercial de Mercancías de México,Nacional,Exportaciones,2014,09,Exportaciones Totales,34147.311,Cifras Definitivas
Balanza Comercial de Mercancías de México,Nacional,Exportaciones,2014,09,Petroleras,3617.818,Cifras Definitivas
Balanza Comercial de Mercancías de México,Nacional,Exportaciones,2014,09,Petróleo Crudo,2980.711,Cifras Definitivas
Balanza Comercial de Mercancías de México,Nacional,Exportaciones,2014,09,Otras petroleras,637.107,Cifras Definitivas
Balanza Comercial de Mercancías de México,Nacional,Exportaciones,2014,09,No Petroleras,30529.493,Cifras Definitivas
Balanza Comercial de Mercancías de México,Nacional,Exportaciones,2014,09,Agropecuarias,747.748,Cifras Definitivas
Balanza Comercial de Mercancías de México,Nacional,Exportaciones,2014,09,Extractivas,455.512,Cifras Definitivas
Balanza Comercial de Mercancías de México,Nacional,Exportaciones,2014,09,Manufactureras,29326.232,Cifras Definitivas
Balanza Comercial de Mercancías de México,Nacional,Importaciones,2014,09,Importaciones Totales,33667.444,Cifras Definitivas
Balanza Comercial de Mercancías de México,Nacional,Importaciones,2014,09,Fletes y seguros de las importaciones,999.867,Cifras Definitivas
Balanza Comercial de Mercancías de México,Nacional,Importaciones,2014,09,Importaciones Totales CIF (Importaciones Totales + Fletes y seguros de las importaciones),34667.311,Cifras Definitivas
Balanza Comercial de Mercancías de México,Nacional,Importaciones,2014,09,Petroleras,3599.557,Cifras Definitivas
Balanza Comercial de Mercancías de México,Nacional,Importaciones,2014,09,No Petroleras,30067.887,Cifras Definitivas
Balanza Comercial de Mercancías de México,Nacional,Importaciones,2014,09,Bienes de Consumo,4941.38,Cifras Definitivas
Balanza Comercial de Mercancías de México,Nacional,Importaciones,2014,09,Bienes Intermedios,25505.564,Cifras Definitivas
Balanza Comercial de Mercancías de México,Nacional,Importaciones,2014,09,Bienes de Capital,3220.5,Cifras Definitivas
Balanza Comercial de Mercancías de México,Nacional,No aplica,2014,09,Balanza Comercial Total Exportaciones Totales - Importaciones Totales,479.867,Cifras Definitivas
Balanza Comercial de Mercancías de México,Nacional,No aplica,2014,09,Balanza Comercial Total Exportaciones Totales - Importaciones Totales CIF,-520,Cifras Definitivas
Balanza Comercial de Mercancías de México,Nacional,Exportaciones,2014,10,Exportaciones Totales,36879.601,Cifras Definitivas
Balanza Comercial de Mercancías de México,Nacional,Exportaciones,2014,10,Petroleras,3264.062,Cifras Definitivas
Balanza Comercial de Mercancías de México,Nacional,Exportaciones,2014,10,Petróleo Crudo,2652.548,Cifras Definitivas
Balanza Comercial de Mercancías de México,Nacional,Exportaciones,2014,10,Otras petroleras,611.515,Cifras Definitivas
Balanza Comercial de Mercancías de México,Nacional,Exportaciones,2014,10,No Petroleras,33615.539,Cifras Definitivas
Balanza Comercial de Mercancías de México,Nacional,Exportaciones,2014,10,Agropecuarias,1018.499,Cifras Definitivas
Balanza Comercial de Mercancías de México,Nacional,Exportaciones,2014,10,Extractivas,333.13,Cifras Definitivas
Balanza Comercial de Mercancías de México,Nacional,Exportaciones,2014,10,Manufactureras,32263.91,Cifras Definitivas
Balanza Comercial de Mercancías de México,Nacional,Importaciones,2014,10,Importaciones Totales,36945.105,Cifras Definitivas
Balanza Comercial de Mercancías de México,Nacional,Importaciones,2014,10,Fletes y seguros de las importaciones,1050.452,Cifras Definitivas
Balanza Comercial de Mercancías de México,Nacional,Importaciones,2014,10,Importaciones Totales CIF (Importaciones Totales + Fletes y seguros de las importaciones),37995.557,Cifras Definitivas
Balanza Comercial de Mercancías de México,Nacional,Importaciones,2014,10,Petroleras,3387.315,Cifras Definitivas
Balanza Comercial de Mercancías de México,Nacional,Importaciones,2014,10,No Petroleras,33557.79,Cifras Definitivas
Balanza Comercial de Mercancías de México,Nacional,Importaciones,2014,10,Bienes de Consumo,5623.631,Cifras Definitivas
Balanza Comercial de Mercancías de México,Nacional,Importaciones,2014,10,Bienes Intermedios,27594.243,Cifras Definitivas
Balanza Comercial de Mercancías de México,Nacional,Importaciones,2014,10,Bienes de Capital,3727.232,Cifras Definitivas
Balanza Comercial de Mercancías de México,Nacional,No aplica,2014,10,Balanza Comercial Total Exportaciones Totales - Importaciones Totales,-65.504,Cifras Definitivas
Balanza Comercial de Mercancías de México,Nacional,No aplica,2014,10,Balanza Comercial Total Exportaciones Totales - Importaciones Totales CIF,-1115.956,Cifras Definitivas
Balanza Comercial de Mercancías de México,Nacional,Exportaciones,2014,11,Exportaciones Totales,32192.734,Cifras Definitivas
Balanza Comercial de Mercancías de México,Nacional,Exportaciones,2014,11,Petroleras,2989.049,Cifras Definitivas
Balanza Comercial de Mercancías de México,Nacional,Exportaciones,2014,11,Petróleo Crudo,2470.447,Cifras Definitivas
Balanza Comercial de Mercancías de México,Nacional,Exportaciones,2014,11,Otras petroleras,518.602,Cifras Definitivas
Balanza Comercial de Mercancías de México,Nacional,Exportaciones,2014,11,No Petroleras,29203.685,Cifras Definitivas
Balanza Comercial de Mercancías de México,Nacional,Exportaciones,2014,11,Agropecuarias,1118.189,Cifras Definitivas
Balanza Comercial de Mercancías de México,Nacional,Exportaciones,2014,11,Extractivas,374.384,Cifras Definitivas
Balanza Comercial de Mercancías de México,Nacional,Exportaciones,2014,11,Manufactureras,27711.111,Cifras Definitivas
Balanza Comercial de Mercancías de México,Nacional,Importaciones,2014,11,Importaciones Totales,33407.006,Cifras Definitivas
Balanza Comercial de Mercancías de México,Nacional,Importaciones,2014,11,Fletes y seguros de las importaciones,940.264,Cifras Definitivas
Balanza Comercial de Mercancías de México,Nacional,Importaciones,2014,11,Importaciones Totales CIF (Importaciones Totales + Fletes y seguros de las importaciones),34347.27,Cifras Definitivas
Balanza Comercial de Mercancías de México,Nacional,Importaciones,2014,11,Petroleras,3625.421,Cifras Definitivas
Balanza Comercial de Mercancías de México,Nacional,Importaciones,2014,11,No Petroleras,29781.585,Cifras Definitivas
Balanza Comercial de Mercancías de México,Nacional,Importaciones,2014,11,Bienes de Consumo,5315.905,Cifras Definitivas
Balanza Comercial de Mercancías de México,Nacional,Importaciones,2014,11,Bienes Intermedios,24713.957,Cifras Definitivas
Balanza Comercial de Mercancías de México,Nacional,Importaciones,2014,11,Bienes de Capital,3377.144,Cifras Definitivas
Balanza Comercial de Mercancías de México,Nacional,No aplica,2014,11,Balanza Comercial Total Exportaciones Totales - Importaciones Totales,-1214.272,Cifras Definitivas
Balanza Comercial de Mercancías de México,Nacional,No aplica,2014,11,Balanza Comercial Total Exportaciones Totales - Importaciones Totales CIF,-2154.536,Cifras Definitivas
Balanza Comercial de Mercancías de México,Nacional,Exportaciones,2014,12,Exportaciones Totales,34090.91,Cifras Definitivas
Balanza Comercial de Mercancías de México,Nacional,Exportaciones,2014,12,Petroleras,2414.129,Cifras Definitivas
Balanza Comercial de Mercancías de México,Nacional,Exportaciones,2014,12,Petróleo Crudo,1955.225,Cifras Definitivas
Balanza Comercial de Mercancías de México,Nacional,Exportaciones,2014,12,Otras petroleras,458.904,Cifras Definitivas
Balanza Comercial de Mercancías de México,Nacional,Exportaciones,2014,12,No Petroleras,31676.782,Cifras Definitivas
Balanza Comercial de Mercancías de México,Nacional,Exportaciones,2014,12,Agropecuarias,1123.632,Cifras Definitivas
Balanza Comercial de Mercancías de México,Nacional,Exportaciones,2014,12,Extractivas,384.436,Cifras Definitivas
Balanza Comercial de Mercancías de México,Nacional,Exportaciones,2014,12,Manufactureras,30168.713,Cifras Definitivas
Balanza Comercial de Mercancías de México,Nacional,Importaciones,2014,12,Importaciones Totales,33862.45,Cifras Definitivas
Balanza Comercial de Mercancías de México,Nacional,Importaciones,2014,12,Fletes y seguros de las importaciones,976.597,Cifras Definitivas
Balanza Comercial de Mercancías de México,Nacional,Importaciones,2014,12,Importaciones Totales CIF (Importaciones Totales + Fletes y seguros de las importaciones),34839.047,Cifras Definitivas
Balanza Comercial de Mercancías de México,Nacional,Importaciones,2014,12,Petroleras,3438.376,Cifras Definitivas
Balanza Comercial de Mercancías de México,Nacional,Importaciones,2014,12,No Petroleras,30424.074,Cifras Definitivas
Balanza Comercial de Mercancías de México,Nacional,Importaciones,2014,12,Bienes de Consumo,4927.001,Cifras Definitivas
Balanza Comercial de Mercancías de México,Nacional,Importaciones,2014,12,Bienes Intermedios,25239.883,Cifras Definitivas
Balanza Comercial de Mercancías de México,Nacional,Importaciones,2014,12,Bienes de Capital,3695.566,Cifras Definitivas
Balanza Comercial de Mercancías de México,Nacional,No aplica,2014,12,Balanza Comercial Total Exportaciones Totales - Importaciones Totales,228.46,Cifras Definitivas
Balanza Comercial de Mercancías de México,Nacional,No aplica,2014,12,Balanza Comercial Total Exportaciones Totales - Importaciones Totales CIF,-748.137,Cifras Definitivas
Balanza Comercial de Mercancías de México,Nacional,Exportaciones,2015,01,Exportaciones Totales,26553.377,Cifras Definitivas
Balanza Comercial de Mercancías de México,Nacional,Exportaciones,2015,01,Petroleras,2075.895,Cifras Definitivas
Balanza Comercial de Mercancías de México,Nacional,Exportaciones,2015,01,Petróleo Crudo,1630.21,Cifras Definitivas
Balanza Comercial de Mercancías de México,Nacional,Exportaciones,2015,01,Otras petroleras,445.685,Cifras Definitivas
Balanza Comercial de Mercancías de México,Nacional,Exportaciones,2015,01,No Petroleras,24477.482,Cifras Definitivas
Balanza Comercial de Mercancías de México,Nacional,Exportaciones,2015,01,Agropecuarias,1169.87,Cifras Definitivas
Balanza Comercial de Mercancías de México,Nacional,Exportaciones,2015,01,Extractivas,318.121,Cifras Definitivas
Balanza Comercial de Mercancías de México,Nacional,Exportaciones,2015,01,Manufactureras,22989.491,Cifras Definitivas
Balanza Comercial de Mercancías de México,Nacional,Importaciones,2015,01,Importaciones Totales,29817.479,Cifras Definitivas
Balanza Comercial de Mercancías de México,Nacional,Importaciones,2015,01,Fletes y seguros de las importaciones,790.633,Cifras Definitivas
Balanza Comercial de Mercancías de México,Nacional,Importaciones,2015,01,Importaciones Totales CIF (Importaciones Totales + Fletes y seguros de las importaciones),30608.112,Cifras Definitivas
Balanza Comercial de Mercancías de México,Nacional,Importaciones,2015,01,Petroleras,3034.845,Cifras Definitivas
Balanza Comercial de Mercancías de México,Nacional,Importaciones,2015,01,No Petroleras,26782.634,Cifras Definitivas
Balanza Comercial de Mercancías de México,Nacional,Importaciones,2015,01,Bienes de Consumo,4432.014,Cifras Definitivas
Balanza Comercial de Mercancías de México,Nacional,Importaciones,2015,01,Bienes Intermedios,22052.745,Cifras Definitivas
Balanza Comercial de Mercancías de México,Nacional,Importaciones,2015,01,Bienes de Capital,3332.72,Cifras Definitivas
Balanza Comercial de Mercancías de México,Nacional,No aplica,2015,01,Balanza Comercial Total Exportaciones Totales - Importaciones Totales,-3264.102,Cifras Definitivas
Balanza Comercial de Mercancías de México,Nacional,No aplica,2015,01,Balanza Comercial Total Exportaciones Totales - Importaciones Totales CIF,-4054.735,Cifras Definitivas
Balanza Comercial de Mercancías de México,Nacional,Exportaciones,2015,02,Exportaciones Totales,29731.307,Cifras Definitivas
Balanza Comercial de Mercancías de México,Nacional,Exportaciones,2015,02,Petroleras,2098.179,Cifras Definitivas
Balanza Comercial de Mercancías de México,Nacional,Exportaciones,2015,02,Petróleo Crudo,1726.709,Cifras Definitivas
Balanza Comercial de Mercancías de México,Nacional,Exportaciones,2015,02,Otras petroleras,371.47,Cifras Definitivas
Balanza Comercial de Mercancías de México,Nacional,Exportaciones,2015,02,No Petroleras,27633.128,Cifras Definitivas
Balanza Comercial de Mercancías de México,Nacional,Exportaciones,2015,02,Agropecuarias,1198.535,Cifras Definitivas
Balanza Comercial de Mercancías de México,Nacional,Exportaciones,2015,02,Extractivas,504.039,Cifras Definitivas
Balanza Comercial de Mercancías de México,Nacional,Exportaciones,2015,02,Manufactureras,25930.554,Cifras Definitivas
Balanza Comercial de Mercancías de México,Nacional,Importaciones,2015,02,Importaciones Totales,29125.93,Cifras Definitivas
Balanza Comercial de Mercancías de México,Nacional,Importaciones,2015,02,Fletes y seguros de las importaciones,750.2816,Cifras Definitivas
Balanza Comercial de Mercancías de México,Nacional,Importaciones,2015,02,Importaciones Totales CIF (Importaciones Totales + Fletes y seguros de las importaciones),29876.2116,Cifras Definitivas
Balanza Comercial de Mercancías de México,Nacional,Importaciones,2015,02,Petroleras,2488.917,Cifras Definitivas
Balanza Comercial de Mercancías de México,Nacional,Importaciones,2015,02,No Petroleras,26637.014,Cifras Definitivas
Balanza Comercial de Mercancías de México,Nacional,Importaciones,2015,02,Bienes de Consumo,3936.203,Cifras Definitivas
Balanza Comercial de Mercancías de México,Nacional,Importaciones,2015,02,Bienes Intermedios,22433.051,Cifras Definitivas
Balanza Comercial de Mercancías de México,Nacional,Importaciones,2015,02,Bienes de Capital,2756.676,Cifras Definitivas
Balanza Comercial de Mercancías de México,Nacional,No aplica,2015,02,Balanza Comercial Total Exportaciones Totales - Importaciones Totales,605.377,Cifras Definitivas
Balanza Comercial de Mercancías de México,Nacional,No aplica,2015,02,Balanza Comercial Total Exportaciones Totales - Importaciones Totales CIF,-144.904600000001,Cifras Definitivas
Balanza Comercial de Mercancías de México,Nacional,Exportaciones,2015,03,Exportaciones Totales,34177.4729999999,Cifras Definitivas
Balanza Comercial de Mercancías de México,Nacional,Exportaciones,2015,03,Petroleras,2158.94,Cifras Definitivas
Balanza Comercial de Mercancías de México,Nacional,Exportaciones,2015,03,Petróleo Crudo,1803.499,Cifras Definitivas
Balanza Comercial de Mercancías de México,Nacional,Exportaciones,2015,03,Otras petroleras,355.441,Cifras Definitivas
Balanza Comercial de Mercancías de México,Nacional,Exportaciones,2015,03,No Petroleras,32018.532,Cifras Definitivas
Balanza Comercial de Mercancías de México,Nacional,Exportaciones,2015,03,Agropecuarias,1391.54,Cifras Definitivas
Balanza Comercial de Mercancías de México,Nacional,Exportaciones,2015,03,Extractivas,382.443,Cifras Definitivas
Balanza Comercial de Mercancías de México,Nacional,Exportaciones,2015,03,Manufactureras,30244.55,Cifras Definitivas
Balanza Comercial de Mercancías de México,Nacional,Importaciones,2015,03,Importaciones Totales,33666.222,Cifras Definitivas
Balanza Comercial de Mercancías de México,Nacional,Importaciones,2015,03,Fletes y seguros de las importaciones,841.0844,Cifras Definitivas
Balanza Comercial de Mercancías de México,Nacional,Importaciones,2015,03,Importaciones Totales CIF (Importaciones Totales + Fletes y seguros de las importaciones),34507.3064,Cifras Definitivas
Balanza Comercial de Mercancías de México,Nacional,Importaciones,2015,03,Petroleras,2584.06,Cifras Definitivas
Balanza Comercial de Mercancías de México,Nacional,Importaciones,2015,03,No Petroleras,31082.162,Cifras Definitivas
Balanza Comercial de Mercancías de México,Nacional,Importaciones,2015,03,Bienes de Consumo,4306.212,Cifras Definitivas
Balanza Comercial de Mercancías de México,Nacional,Importaciones,2015,03,Bienes Intermedios,25825.415,Cifras Definitivas
Balanza Comercial de Mercancías de México,Nacional,Importaciones,2015,03,Bienes de Capital,3534.596,Cifras Definitivas
Balanza Comercial de Mercancías de México,Nacional,No aplica,2015,03,Balanza Comercial Total Exportaciones Totales - Importaciones Totales,511.251,Cifras Definitivas
Balanza Comercial de Mercancías de México,Nacional,No aplica,2015,03,Balanza Comercial Total Exportaciones Totales - Importaciones Totales CIF,-329.833399999999,Cifras Definitivas
Balanza Comercial de Mercancías de México,Nacional,Exportaciones,2015,04,Exportaciones Totales,32971.49,Cifras Definitivas
Balanza Comercial de Mercancías de México,Nacional,Exportaciones,2015,04,Petroleras,1898.428,Cifras Definitivas
Balanza Comercial de Mercancías de México,Nacional,Exportaciones,2015,04,Petróleo Crudo,1573.679,Cifras Definitivas
Balanza Comercial de Mercancías de México,Nacional,Exportaciones,2015,04,Otras petroleras,324.749,Cifras Definitivas
Balanza Comercial de Mercancías de México,Nacional,Exportaciones,2015,04,No Petroleras,31073.061,Cifras Definitivas
Balanza Comercial de Mercancías de México,Nacional,Exportaciones,2015,04,Agropecuarias,1273.778,Cifras Definitivas
Balanza Comercial de Mercancías de México,Nacional,Exportaciones,2015,04,Extractivas,326.852,Cifras Definitivas
Balanza Comercial de Mercancías de México,Nacional,Exportaciones,2015,04,Manufactureras,29472.43,Cifras Definitivas
Balanza Comercial de Mercancías de México,Nacional,Importaciones,2015,04,Importaciones Totales,33041.33,Cifras Definitivas
Balanza Comercial de Mercancías de México,Nacional,Importaciones,2015,04,Fletes y seguros de las importaciones,848.3106,Cifras Definitivas
Balanza Comercial de Mercancías de México,Nacional,Importaciones,2015,04,Importaciones Totales CIF (Importaciones Totales + Fletes y seguros de las importaciones),33889.6406,Cifras Definitivas
Balanza Comercial de Mercancías de México,Nacional,Importaciones,2015,04,Petroleras,2692.932,Cifras Definitivas
Balanza Comercial de Mercancías de México,Nacional,Importaciones,2015,04,No Petroleras,30348.398,Cifras Definitivas
Balanza Comercial de Mercancías de México,Nacional,Importaciones,2015,04,Bienes de Consumo,4358.622,Cifras Definitivas
Balanza Comercial de Mercancías de México,Nacional,Importaciones,2015,04,Bienes Intermedios,25413.334,Cifras Definitivas
Balanza Comercial de Mercancías de México,Nacional,Importaciones,2015,04,Bienes de Capital,3269.375,Cifras Definitivas
Balanza Comercial de Mercancías de México,Nacional,No aplica,2015,04,Balanza Comercial Total Exportaciones Totales - Importaciones Totales,-69.84,Cifras Definitivas
Balanza Comercial de Mercancías de México,Nacional,No aplica,2015,04,Balanza Comercial Total Exportaciones Totales - Importaciones Totales CIF,-918.150600000001,Cifras Definitivas
Balanza Comercial de Mercancías de México,Nacional,Exportaciones,2015,05,Exportaciones Totales,31244.705,Cifras Definitivas
Balanza Comercial de Mercancías de México,Nacional,Exportaciones,2015,05,Petroleras,2348.989,Cifras Definitivas
Balanza Comercial de Mercancías de México,Nacional,Exportaciones,2015,05,Petróleo Crudo,1866.7,Cifras Definitivas
Balanza Comercial de Mercancías de México,Nacional,Exportaciones,2015,05,Otras petroleras,482.289,Cifras Definitivas
Balanza Comercial de Mercancías de México,Nacional,Exportaciones,2015,05,No Petroleras,28895.716,Cifras Definitivas
Balanza Comercial de Mercancías de México,Nacional,Exportaciones,2015,05,Agropecuarias,1158.039,Cifras Definitivas
Balanza Comercial de Mercancías de México,Nacional,Exportaciones,2015,05,Extractivas,273.114,Cifras Definitivas
Balanza Comercial de Mercancías de México,Nacional,Exportaciones,2015,05,Manufactureras,27464.562,Cifras Definitivas
Balanza Comercial de Mercancías de México,Nacional,Importaciones,2015,05,Importaciones Totales,32359.172,Cifras Definitivas
Balanza Comercial de Mercancías de México,Nacional,Importaciones,2015,05,Fletes y seguros de las importaciones,825.4115,Cifras Definitivas
Balanza Comercial de Mercancías de México,Nacional,Importaciones,2015,05,Importaciones Totales CIF (Importaciones Totales + Fletes y seguros de las importaciones),33184.5835,Cifras Definitivas
Balanza Comercial de Mercancías de México,Nacional,Importaciones,2015,05,Petroleras,2407.77,Cifras Definitivas
Balanza Comercial de Mercancías de México,Nacional,Importaciones,2015,05,No Petroleras,29951.402,Cifras Definitivas
Balanza Comercial de Mercancías de México,Nacional,Importaciones,2015,05,Bienes de Consumo,4341.509,Cifras Definitivas
Balanza Comercial de Mercancías de México,Nacional,Importaciones,2015,05,Bienes Intermedios,24753.203,Cifras Definitivas
Balanza Comercial de Mercancías de México,Nacional,Importaciones,2015,05,Bienes de Capital,3264.46,Cifras Definitivas
Balanza Comercial de Mercancías de México,Nacional,No aplica,2015,05,Balanza Comercial Total Exportaciones Totales - Importaciones Totales,-1114.467,Cifras Definitivas
Balanza Comercial de Mercancías de México,Nacional,No aplica,2015,05,Balanza Comercial Total Exportaciones Totales - Importaciones Totales CIF,-1939.8785,Cifras Definitivas
Balanza Comercial de Mercancías de México,Nacional,Exportaciones,2015,06,Exportaciones Totales,33761.831,Cifras Definitivas
Balanza Comercial de Mercancías de México,Nacional,Exportaciones,2015,06,Petroleras,2230.509,Cifras Definitivas
Balanza Comercial de Mercancías de México,Nacional,Exportaciones,2015,06,Petróleo Crudo,1692.641,Cifras Definitivas
Balanza Comercial de Mercancías de México,Nacional,Exportaciones,2015,06,Otras petroleras,537.868,Cifras Definitivas
Balanza Comercial de Mercancías de México,Nacional,Exportaciones,2015,06,No Petroleras,31531.322,Cifras Definitivas
Balanza Comercial de Mercancías de México,Nacional,Exportaciones,2015,06,Agropecuarias,1087.142,Cifras Definitivas
Balanza Comercial de Mercancías de México,Nacional,Exportaciones,2015,06,Extractivas,644.865,Cifras Definitivas
Balanza Comercial de Mercancías de México,Nacional,Exportaciones,2015,06,Manufactureras,29799.315,Cifras Definitivas
Balanza Comercial de Mercancías de México,Nacional,Importaciones,2015,06,Importaciones Totales,34590.363,Cifras Definitivas
Balanza Comercial de Mercancías de México,Nacional,Importaciones,2015,06,Fletes y seguros de las importaciones,881.755,Cifras Definitivas
Balanza Comercial de Mercancías de México,Nacional,Importaciones,2015,06,Importaciones Totales CIF (Importaciones Totales + Fletes y seguros de las importaciones),35472.118,Cifras Definitivas
Balanza Comercial de Mercancías de México,Nacional,Importaciones,2015,06,Petroleras,2885.991,Cifras Definitivas
Balanza Comercial de Mercancías de México,Nacional,Importaciones,2015,06,No Petroleras,31704.371,Cifras Definitivas
Balanza Comercial de Mercancías de México,Nacional,Importaciones,2015,06,Bienes de Consumo,4754.976,Cifras Definitivas
Balanza Comercial de Mercancías de México,Nacional,Importaciones,2015,06,Bienes Intermedios,26096.339,Cifras Definitivas
Balanza Comercial de Mercancías de México,Nacional,Importaciones,2015,06,Bienes de Capital,3739.048,Cifras Definitivas
Balanza Comercial de Mercancías de México,Nacional,No aplica,2015,06,Balanza Comercial Total Exportaciones Totales - Importaciones Totales,-828.532,Cifras Definitivas
Balanza Comercial de Mercancías de México,Nacional,No aplica,2015,06,Balanza Comercial Total Exportaciones Totales - Importaciones Totales CIF,-1710.287,Cifras Definitivas
Balanza Comercial de Mercancías de México,Nacional,Exportaciones,2015,07,Exportaciones Totales,32694.944,Cifras Definitivas
Balanza Comercial de Mercancías de México,Nacional,Exportaciones,2015,07,Petroleras,2059.437,Cifras Definitivas
Balanza Comercial de Mercancías de México,Nacional,Exportaciones,2015,07,Petróleo Crudo,1712.47,Cifras Definitivas
Balanza Comercial de Mercancías de México,Nacional,Exportaciones,2015,07,Otras petroleras,346.967,Cifras Definitivas
Balanza Comercial de Mercancías de México,Nacional,Exportaciones,2015,07,No Petroleras,30635.507,Cifras Definitivas
Balanza Comercial de Mercancías de México,Nacional,Exportaciones,2015,07,Agropecuarias,870.72,Cifras Definitivas
Balanza Comercial de Mercancías de México,Nacional,Exportaciones,2015,07,Extractivas,233.401,Cifras Definitivas
Balanza Comercial de Mercancías de México,Nacional,Exportaciones,2015,07,Manufactureras,29531.387,Cifras Definitivas
Balanza Comercial de Mercancías de México,Nacional,Importaciones,2015,07,Importaciones Totales,35073.02,Cifras Definitivas
Balanza Comercial de Mercancías de México,Nacional,Importaciones,2015,07,Fletes y seguros de las importaciones,892.8151,Cifras Definitivas
Balanza Comercial de Mercancías de México,Nacional,Importaciones,2015,07,Importaciones Totales CIF (Importaciones Totales + Fletes y seguros de las importaciones),35965.8351,Cifras Definitivas
Balanza Comercial de Mercancías de México,Nacional,Importaciones,2015,07,Petroleras,3203.212,Cifras Definitivas
Balanza Comercial de Mercancías de México,Nacional,Importaciones,2015,07,No Petroleras,31869.807,Cifras Definitivas
Balanza Comercial de Mercancías de México,Nacional,Importaciones,2015,07,Bienes de Consumo,4771.862,Cifras Definitivas
Balanza Comercial de Mercancías de México,Nacional,Importaciones,2015,07,Bienes Intermedios,26638.966,Cifras Definitivas
Balanza Comercial de Mercancías de México,Nacional,Importaciones,2015,07,Bienes de Capital,3662.192,Cifras Definitivas
Balanza Comercial de Mercancías de México,Nacional,No aplica,2015,07,Balanza Comercial Total Exportaciones Totales - Importaciones Totales,-2378.076,Cifras Definitivas
Balanza Comercial de Mercancías de México,Nacional,No aplica,2015,07,Balanza Comercial Total Exportaciones Totales - Importaciones Totales CIF,-3270.8911,Cifras Definitivas
Balanza Comercial de Mercancías de México,Nacional,Exportaciones,2015,08,Exportaciones Totales,31009.789,Cifras Definitivas
Balanza Comercial de Mercancías de México,Nacional,Exportaciones,2015,08,Petroleras,1908.181,Cifras Definitivas
Balanza Comercial de Mercancías de México,Nacional,Exportaciones,2015,08,Petróleo Crudo,1552.309,Cifras Definitivas
Balanza Comercial de Mercancías de México,Nacional,Exportaciones,2015,08,Otras petroleras,355.872,Cifras Definitivas
Balanza Comercial de Mercancías de México,Nacional,Exportaciones,2015,08,No Petroleras,29101.607,Cifras Definitivas
Balanza Comercial de Mercancías de México,Nacional,Exportaciones,2015,08,Agropecuarias,756.433,Cifras Definitivas
Balanza Comercial de Mercancías de México,Nacional,Exportaciones,2015,08,Extractivas,343.482,Cifras Definitivas
Balanza Comercial de Mercancías de México,Nacional,Exportaciones,2015,08,Manufactureras,28001.693,Cifras Definitivas
Balanza Comercial de Mercancías de México,Nacional,Importaciones,2015,08,Importaciones Totales,33831.912,Cifras Definitivas
Balanza Comercial de Mercancías de México,Nacional,Importaciones,2015,08,Fletes y seguros de las importaciones,863.0005,Cifras Definitivas
Balanza Comercial de Mercancías de México,Nacional,Importaciones,2015,08,Importaciones Totales CIF (Importaciones Totales + Fletes y seguros de las importaciones),34694.9125,Cifras Definitivas
Balanza Comercial de Mercancías de México,Nacional,Importaciones,2015,08,Petroleras,3736.247,Cifras Definitivas
Balanza Comercial de Mercancías de México,Nacional,Importaciones,2015,08,No Petroleras,30095.665,Cifras Definitivas
Balanza Comercial de Mercancías de México,Nacional,Importaciones,2015,08,Bienes de Consumo,5485.23,Cifras Definitivas
Balanza Comercial de Mercancías de México,Nacional,Importaciones,2015,08,Bienes Intermedios,24954.458,Cifras Definitivas
Balanza Comercial de Mercancías de México,Nacional,Importaciones,2015,08,Bienes de Capital,3392.224,Cifras Definitivas
Balanza Comercial de Mercancías de México,Nacional,No aplica,2015,08,Balanza Comercial Total Exportaciones Totales - Importaciones Totales,-2822.123,Cifras Definitivas
Balanza Comercial de Mercancías de México,Nacional,No aplica,2015,08,Balanza Comercial Total Exportaciones Totales - Importaciones Totales CIF,-3685.1235,Cifras Definitivas
Balanza Comercial de Mercancías de México,Nacional,Exportaciones,2015,09,Exportaciones Totales,32187.182,Cifras Definitivas
Balanza Comercial de Mercancías de México,Nacional,Exportaciones,2015,09,Petroleras,1790.287,Cifras Definitivas
Balanza Comercial de Mercancías de México,Nacional,Exportaciones,2015,09,Petróleo Crudo,1329.931,Cifras Definitivas
Balanza Comercial de Mercancías de México,Nacional,Exportaciones,2015,09,Otras petroleras,460.356,Cifras Definitivas
Balanza Comercial de Mercancías de México,Nacional,Exportaciones,2015,09,No Petroleras,30396.895,Cifras Definitivas
Balanza Comercial de Mercancías de México,Nacional,Exportaciones,2015,09,Agropecuarias,822.591,Cifras Definitivas
Balanza Comercial de Mercancías de México,Nacional,Exportaciones,2015,09,Extractivas,451.15,Cifras Definitivas
Balanza Comercial de Mercancías de México,Nacional,Exportaciones,2015,09,Manufactureras,29123.153,Cifras Definitivas
Balanza Comercial de Mercancías de México,Nacional,Importaciones,2015,09,Importaciones Totales,33663.061,Cifras Definitivas
Balanza Comercial de Mercancías de México,Nacional,Importaciones,2015,09,Fletes y seguros de las importaciones,870.5076,Cifras Definitivas
Balanza Comercial de Mercancías de México,Nacional,Importaciones,2015,09,Importaciones Totales CIF (Importaciones Totales + Fletes y seguros de las importaciones),34533.5686,Cifras Definitivas
Balanza Comercial de Mercancías de México,Nacional,Importaciones,2015,09,Petroleras,2653.241,Cifras Definitivas
Balanza Comercial de Mercancías de México,Nacional,Importaciones,2015,09,No Petroleras,31009.821,Cifras Definitivas
Balanza Comercial de Mercancías de México,Nacional,Importaciones,2015,09,Bienes de Consumo,4906.639,Cifras Definitivas
Balanza Comercial de Mercancías de México,Nacional,Importaciones,2015,09,Bienes Intermedios,25192.933,Cifras Definitivas
Balanza Comercial de Mercancías de México,Nacional,Importaciones,2015,09,Bienes de Capital,3563.489,Cifras Definitivas
Balanza Comercial de Mercancías de México,Nacional,No aplica,2015,09,Balanza Comercial Total Exportaciones Totales - Importaciones Totales,-1475.879,Cifras Definitivas
Balanza Comercial de Mercancías de México,Nacional,No aplica,2015,09,Balanza Comercial Total Exportaciones Totales - Importaciones Totales CIF,-2346.3866,Cifras Definitivas
Balanza Comercial de Mercancías de México,Nacional,Exportaciones,2015,10,Exportaciones Totales,34100.594,Cifras Definitivas
Balanza Comercial de Mercancías de México,Nacional,Exportaciones,2015,10,Petroleras,1827.034,Cifras Definitivas
Balanza Comercial de Mercancías de México,Nacional,Exportaciones,2015,10,Petróleo Crudo,1486.082,Cifras Definitivas
Balanza Comercial de Mercancías de México,Nacional,Exportaciones,2015,10,Otras petroleras,340.952,Cifras Definitivas
Balanza Comercial de Mercancías de México,Nacional,Exportaciones,2015,10,No Petroleras,32273.56,Cifras Definitivas
Balanza Comercial de Mercancías de México,Nacional,Exportaciones,2015,10,Agropecuarias,993.05,Cifras Definitivas
Balanza Comercial de Mercancías de México,Nacional,Exportaciones,2015,10,Extractivas,275.685,Cifras Definitivas
Balanza Comercial de Mercancías de México,Nacional,Exportaciones,2015,10,Manufactureras,31004.825,Cifras Definitivas
Balanza Comercial de Mercancías de México,Nacional,Importaciones,2015,10,Importaciones Totales,35600.923,Cifras Definitivas
Balanza Comercial de Mercancías de México,Nacional,Importaciones,2015,10,Fletes y seguros de las importaciones,895.6531,Cifras Definitivas
Balanza Comercial de Mercancías de México,Nacional,Importaciones,2015,10,Importaciones Totales CIF (Importaciones Totales + Fletes y seguros de las importaciones),36496.5761,Cifras Definitivas
Balanza Comercial de Mercancías de México,Nacional,Importaciones,2015,10,Petroleras,2610.65,Cifras Definitivas
Balanza Comercial de Mercancías de México,Nacional,Importaciones,2015,10,No Petroleras,32990.273,Cifras Definitivas
Balanza Comercial de Mercancías de México,Nacional,Importaciones,2015,10,Bienes de Consumo,5228.503,Cifras Definitivas
Balanza Comercial de Mercancías de México,Nacional,Importaciones,2015,10,Bienes Intermedios,26622.04,Cifras Definitivas
Balanza Comercial de Mercancías de México,Nacional,Importaciones,2015,10,Bienes de Capital,3750.38,Cifras Definitivas
Balanza Comercial de Mercancías de México,Nacional,No aplica,2015,10,Balanza Comercial Total Exportaciones Totales - Importaciones Totales,-1500.329,Cifras Definitivas
Balanza Comercial de Mercancías de México,Nacional,No aplica,2015,10,Balanza Comercial Total Exportaciones Totales - Importaciones Totales CIF,-2395.9821,Cifras Definitivas
Balanza Comercial de Mercancías de México,Nacional,Exportaciones,2015,11,Exportaciones Totales,30981.322,Cifras Definitivas
Balanza Comercial de Mercancías de México,Nacional,Exportaciones,2015,11,Petroleras,1521.593,Cifras Definitivas
Balanza Comercial de Mercancías de México,Nacional,Exportaciones,2015,11,Petróleo Crudo,1211.744,Cifras Definitivas
Balanza Comercial de Mercancías de México,Nacional,Exportaciones,2015,11,Otras petroleras,309.849,Cifras Definitivas
Balanza Comercial de Mercancías de México,Nacional,Exportaciones,2015,11,No Petroleras,29459.729,Cifras Definitivas
Balanza Comercial de Mercancías de México,Nacional,Exportaciones,2015,11,Agropecuarias,1133.743,Cifras Definitivas
Balanza Comercial de Mercancías de México,Nacional,Exportaciones,2015,11,Extractivas,368.27,Cifras Definitivas
Balanza Comercial de Mercancías de México,Nacional,Exportaciones,2015,11,Manufactureras,27957.717,Cifras Definitivas
Balanza Comercial de Mercancías de México,Nacional,Importaciones,2015,11,Importaciones Totales,32595.256,Cifras Definitivas
Balanza Comercial de Mercancías de México,Nacional,Importaciones,2015,11,Fletes y seguros de las importaciones,795.8844,Cifras Definitivas
Balanza Comercial de Mercancías de México,Nacional,Importaciones,2015,11,Importaciones Totales CIF (Importaciones Totales + Fletes y seguros de las importaciones),33391.1404,Cifras Definitivas
Balanza Comercial de Mercancías de México,Nacional,Importaciones,2015,11,Petroleras,2315.646,Cifras Definitivas
Balanza Comercial de Mercancías de México,Nacional,Importaciones,2015,11,No Petroleras,30279.61,Cifras Definitivas
Balanza Comercial de Mercancías de México,Nacional,Importaciones,2015,11,Bienes de Consumo,4929.28,Cifras Definitivas
Balanza Comercial de Mercancías de México,Nacional,Importaciones,2015,11,Bienes Intermedios,24207.021,Cifras Definitivas
Balanza Comercial de Mercancías de México,Nacional,Importaciones,2015,11,Bienes de Capital,3458.955,Cifras Definitivas
Balanza Comercial de Mercancías de México,Nacional,No aplica,2015,11,Balanza Comercial Total Exportaciones Totales - Importaciones Totales,-1613.934,Cifras Definitivas
Balanza Comercial de Mercancías de México,Nacional,No aplica,2015,11,Balanza Comercial Total Exportaciones Totales - Importaciones Totales CIF,-2409.8184,Cifras Definitivas
Balanza Comercial de Mercancías de México,Nacional,Exportaciones,2015,12,Exportaciones Totales,31142.075,Cifras Definitivas
Balanza Comercial de Mercancías de México,Nacional,Exportaciones,2015,12,Petroleras,1182.134,Cifras Definitivas
Balanza Comercial de Mercancías de México,Nacional,Exportaciones,2015,12,Petróleo Crudo,865.16,Cifras Definitivas
Balanza Comercial de Mercancías de México,Nacional,Exportaciones,2015,12,Otras petroleras,316.974,Cifras Definitivas
Balanza Comercial de Mercancías de México,Nacional,Exportaciones,2015,12,No Petroleras,29959.941,Cifras Definitivas
Balanza Comercial de Mercancías de México,Nacional,Exportaciones,2015,12,Agropecuarias,1270.319,Cifras Definitivas
Balanza Comercial de Mercancías de México,Nacional,Exportaciones,2015,12,Extractivas,383.148,Cifras Definitivas
Balanza Comercial de Mercancías de México,Nacional,Exportaciones,2015,12,Manufactureras,28306.474,Cifras Definitivas
Balanza Comercial de Mercancías de México,Nacional,Importaciones,2015,12,Importaciones Totales,31889.184,Cifras Definitivas
Balanza Comercial de Mercancías de México,Nacional,Importaciones,2015,12,Fletes y seguros de las importaciones,795.4373,Cifras Definitivas
Balanza Comercial de Mercancías de México,Nacional,Importaciones,2015,12,Importaciones Totales CIF (Importaciones Totales + Fletes y seguros de las importaciones),32684.6213,Cifras Definitivas
Balanza Comercial de Mercancías de México,Nacional,Importaciones,2015,12,Petroleras,2674.278,Cifras Definitivas
Balanza Comercial de Mercancías de México,Nacional,Importaciones,2015,12,No Petroleras,29214.907,Cifras Definitivas
Balanza Comercial de Mercancías de México,Nacional,Importaciones,2015,12,Bienes de Consumo,4832.124,Cifras Definitivas
Balanza Comercial de Mercancías de México,Nacional,Importaciones,2015,12,Bienes Intermedios,23539.016,Cifras Definitivas
Balanza Comercial de Mercancías de México,Nacional,Importaciones,2015,12,Bienes de Capital,3518.045,Cifras Definitivas
Balanza Comercial de Mercancías de México,Nacional,No aplica,2015,12,Balanza Comercial Total Exportaciones Totales - Importaciones Totales,-747.109,Cifras Definitivas
Balanza Comercial de Mercancías de México,Nacional,No aplica,2015,12,Balanza Comercial Total Exportaciones Totales - Importaciones Totales CIF,-1542.5463,Cifras Definitivas
Balanza Comercial de Mercancías de México,Nacional,Exportaciones,2016,01,Exportaciones Totales,24687.865,Cifras Definitivas
Balanza Comercial de Mercancías de México,Nacional,Exportaciones,2016,01,Petroleras,1074.508,Cifras Definitivas
Balanza Comercial de Mercancías de México,Nacional,Exportaciones,2016,01,Petróleo Crudo,829.748,Cifras Definitivas
Balanza Comercial de Mercancías de México,Nacional,Exportaciones,2016,01,Otras petroleras,244.76,Cifras Definitivas
Balanza Comercial de Mercancías de México,Nacional,Exportaciones,2016,01,No Petroleras,23613.357,Cifras Definitivas
Balanza Comercial de Mercancías de México,Nacional,Exportaciones,2016,01,Agropecuarias,1242.513,Cifras Definitivas
Balanza Comercial de Mercancías de México,Nacional,Exportaciones,2016,01,Extractivas,267.004,Cifras Definitivas
Balanza Comercial de Mercancías de México,Nacional,Exportaciones,2016,01,Manufactureras,22103.84,Cifras Definitivas
Balanza Comercial de Mercancías de México,Nacional,Importaciones,2016,01,Importaciones Totales,27979.044,Cifras Definitivas
Balanza Comercial de Mercancías de México,Nacional,Importaciones,2016,01,Fletes y seguros de las importaciones,753.169,Cifras Definitivas
Balanza Comercial de Mercancías de México,Nacional,Importaciones,2016,01,Importaciones Totales CIF (Importaciones Totales + Fletes y seguros de las importaciones),28732.213,Cifras Definitivas
Balanza Comercial de Mercancías de México,Nacional,Importaciones,2016,01,Petroleras,2115.848,Cifras Definitivas
Balanza Comercial de Mercancías de México,Nacional,Importaciones,2016,01,No Petroleras,25863.195,Cifras Definitivas
Balanza Comercial de Mercancías de México,Nacional,Importaciones,2016,01,Bienes de Consumo,3884.605,Cifras Definitivas
Balanza Comercial de Mercancías de México,Nacional,Importaciones,2016,01,Bienes Intermedios,21105.322,Cifras Definitivas
Balanza Comercial de Mercancías de México,Nacional,Importaciones,2016,01,Bienes de Capital,2989.117,Cifras Definitivas
Balanza Comercial de Mercancías de México,Nacional,No aplica,2016,01,Balanza Comercial Total Exportaciones Totales - Importaciones Totales,-3291.179,Cifras Definitivas
Balanza Comercial de Mercancías de México,Nacional,No aplica,2016,01,Balanza Comercial Total Exportaciones Totales - Importaciones Totales CIF,-4044.348,Cifras Definitivas
Balanza Comercial de Mercancías de México,Nacional,Exportaciones,2016,02,Exportaciones Totales,28967,Cifras Definitivas
Balanza Comercial de Mercancías de México,Nacional,Exportaciones,2016,02,Petroleras,1127.535,Cifras Definitivas
Balanza Comercial de Mercancías de México,Nacional,Exportaciones,2016,02,Petróleo Crudo,881.103,Cifras Definitivas
Balanza Comercial de Mercancías de México,Nacional,Exportaciones,2016,02,Otras petroleras,246.432,Cifras Definitivas
Balanza Comercial de Mercancías de México,Nacional,Exportaciones,2016,02,No Petroleras,27839.465,Cifras Definitivas
Balanza Comercial de Mercancías de México,Nacional,Exportaciones,2016,02,Agropecuarias,1468.254,Cifras Definitivas
Balanza Comercial de Mercancías de México,Nacional,Exportaciones,2016,02,Extractivas,228.871,Cifras Definitivas
Balanza Comercial de Mercancías de México,Nacional,Exportaciones,2016,02,Manufactureras,26142.34,Cifras Definitivas
Balanza Comercial de Mercancías de México,Nacional,Importaciones,2016,02,Importaciones Totales,29751.151,Cifras Definitivas
Balanza Comercial de Mercancías de México,Nacional,Importaciones,2016,02,Fletes y seguros de las importaciones,789.4004,Cifras Definitivas
Balanza Comercial de Mercancías de México,Nacional,Importaciones,2016,02,Importaciones Totales CIF (Importaciones Totales + Fletes y seguros de las importaciones),30540.5514,Cifras Definitivas
Balanza Comercial de Mercancías de México,Nacional,Importaciones,2016,02,Petroleras,1848.522,Cifras Definitivas
Balanza Comercial de Mercancías de México,Nacional,Importaciones,2016,02,No Petroleras,27902.629,Cifras Definitivas
Balanza Comercial de Mercancías de México,Nacional,Importaciones,2016,02,Bienes de Consumo,3846.2,Cifras Definitivas
Balanza Comercial de Mercancías de México,Nacional,Importaciones,2016,02,Bienes Intermedios,22998.4,Cifras Definitivas
Balanza Comercial de Mercancías de México,Nacional,Importaciones,2016,02,Bienes de Capital,2906.551,Cifras Definitivas
Balanza Comercial de Mercancías de México,Nacional,No aplica,2016,02,Balanza Comercial Total Exportaciones Totales - Importaciones Totales,-784.151,Cifras Definitivas
Balanza Comercial de Mercancías de México,Nacional,No aplica,2016,02,Balanza Comercial Total Exportaciones Totales - Importaciones Totales CIF,-1573.5514,Cifras Definitivas
Balanza Comercial de Mercancías de México,Nacional,Exportaciones,2016,03,Exportaciones Totales,31493.61,Cifras Definitivas
Balanza Comercial de Mercancías de México,Nacional,Exportaciones,2016,03,Petroleras,1275.511,Cifras Definitivas
Balanza Comercial de Mercancías de México,Nacional,Exportaciones,2016,03,Petróleo Crudo,969.317,Cifras Definitivas
Balanza Comercial de Mercancías de México,Nacional,Exportaciones,2016,03,Otras petroleras,306.194,Cifras Definitivas
Balanza Comercial de Mercancías de México,Nacional,Exportaciones,2016,03,No Petroleras,30218.099,Cifras Definitivas
Balanza Comercial de Mercancías de México,Nacional,Exportaciones,2016,03,Agropecuarias,1522.72,Cifras Definitivas
Balanza Comercial de Mercancías de México,Nacional,Exportaciones,2016,03,Extractivas,425.256,Cifras Definitivas
Balanza Comercial de Mercancías de México,Nacional,Exportaciones,2016,03,Manufactureras,28270.123,Cifras Definitivas
Balanza Comercial de Mercancías de México,Nacional,Importaciones,2016,03,Importaciones Totales,31408.485,Cifras Definitivas
Balanza Comercial de Mercancías de México,Nacional,Importaciones,2016,03,Fletes y seguros de las importaciones,807.2104,Cifras Definitivas
Balanza Comercial de Mercancías de México,Nacional,Importaciones,2016,03,Importaciones Totales CIF (Importaciones Totales + Fletes y seguros de las importaciones),32215.6954,Cifras Definitivas
Balanza Comercial de Mercancías de México,Nacional,Importaciones,2016,03,Petroleras,2039.444,Cifras Definitivas
Balanza Comercial de Mercancías de México,Nacional,Importaciones,2016,03,No Petroleras,29369.041,Cifras Definitivas
Balanza Comercial de Mercancías de México,Nacional,Importaciones,2016,03,Bienes de Consumo,3991.798,Cifras Definitivas
Balanza Comercial de Mercancías de México,Nacional,Importaciones,2016,03,Bienes Intermedios,24421.883,Cifras Definitivas
Balanza Comercial de Mercancías de México,Nacional,Importaciones,2016,03,Bienes de Capital,2994.804,Cifras Definitivas
Balanza Comercial de Mercancías de México,Nacional,No aplica,2016,03,Balanza Comercial Total Exportaciones Totales - Importaciones Totales,85.125,Cifras Definitivas
Balanza Comercial de Mercancías de México,Nacional,No aplica,2016,03,Balanza Comercial Total Exportaciones Totales - Importaciones Totales CIF,-722.085399999999,Cifras Definitivas
Balanza Comercial de Mercancías de México,Nacional,Exportaciones,2016,04,Exportaciones Totales,30387.276,Cifras Definitivas
Balanza Comercial de Mercancías de México,Nacional,Exportaciones,2016,04,Petroleras,1325.95,Cifras Definitivas
Balanza Comercial de Mercancías de México,Nacional,Exportaciones,2016,04,Petróleo Crudo,1046.712,Cifras Definitivas
Balanza Comercial de Mercancías de México,Nacional,Exportaciones,2016,04,Otras petroleras,279.239,Cifras Definitivas
Balanza Comercial de Mercancías de México,Nacional,Exportaciones,2016,04,No Petroleras,29061.325,Cifras Definitivas
Balanza Comercial de Mercancías de México,Nacional,Exportaciones,2016,04,Agropecuarias,1327.16,Cifras Definitivas
Balanza Comercial de Mercancías de México,Nacional,Exportaciones,2016,04,Extractivas,332.211,Cifras Definitivas
Balanza Comercial de Mercancías de México,Nacional,Exportaciones,2016,04,Manufactureras,27401.955,Cifras Definitivas
Balanza Comercial de Mercancías de México,Nacional,Importaciones,2016,04,Importaciones Totales,32497.219,Cifras Definitivas
Balanza Comercial de Mercancías de México,Nacional,Importaciones,2016,04,Fletes y seguros de las importaciones,882.8934,Cifras Definitivas
Balanza Comercial de Mercancías de México,Nacional,Importaciones,2016,04,Importaciones Totales CIF (Importaciones Totales + Fletes y seguros de las importaciones),33380.1124,Cifras Definitivas
Balanza Comercial de Mercancías de México,Nacional,Importaciones,2016,04,Petroleras,2487.25,Cifras Definitivas
Balanza Comercial de Mercancías de México,Nacional,Importaciones,2016,04,No Petroleras,30009.969,Cifras Definitivas
Balanza Comercial de Mercancías de México,Nacional,Importaciones,2016,04,Bienes de Consumo,4181.348,Cifras Definitivas
Balanza Comercial de Mercancías de México,Nacional,Importaciones,2016,04,Bienes Intermedios,25173.726,Cifras Definitivas
Balanza Comercial de Mercancías de México,Nacional,Importaciones,2016,04,Bienes de Capital,3142.145,Cifras Definitivas
Balanza Comercial de Mercancías de México,Nacional,No aplica,2016,04,Balanza Comercial Total Exportaciones Totales - Importaciones Totales,-2109.943,Cifras Definitivas
Balanza Comercial de Mercancías de México,Nacional,No aplica,2016,04,Balanza Comercial Total Exportaciones Totales - Importaciones Totales CIF,-2992.8364,Cifras Definitivas
Balanza Comercial de Mercancías de México,Nacional,Exportaciones,2016,05,Exportaciones Totales,31410.821,Cifras Definitivas
Balanza Comercial de Mercancías de México,Nacional,Exportaciones,2016,05,Petroleras,1689.567,Cifras Definitivas
Balanza Comercial de Mercancías de México,Nacional,Exportaciones,2016,05,Petróleo Crudo,1391.218,Cifras Definitivas
Balanza Comercial de Mercancías de México,Nacional,Exportaciones,2016,05,Otras petroleras,298.349,Cifras Definitivas
Balanza Comercial de Mercancías de México,Nacional,Exportaciones,2016,05,No Petroleras,29721.254,Cifras Definitivas
Balanza Comercial de Mercancías de México,Nacional,Exportaciones,2016,05,Agropecuarias,1341.562,Cifras Definitivas
Balanza Comercial de Mercancías de México,Nacional,Exportaciones,2016,05,Extractivas,245.833,Cifras Definitivas
Balanza Comercial de Mercancías de México,Nacional,Exportaciones,2016,05,Manufactureras,28133.86,Cifras Definitivas
Balanza Comercial de Mercancías de México,Nacional,Importaciones,2016,05,Importaciones Totales,31854.21,Cifras Definitivas
Balanza Comercial de Mercancías de México,Nacional,Importaciones,2016,05,Fletes y seguros de las importaciones,842.8649,Cifras Definitivas
Balanza Comercial de Mercancías de México,Nacional,Importaciones,2016,05,Importaciones Totales CIF (Importaciones Totales + Fletes y seguros de las importaciones),32697.0749,Cifras Definitivas
Balanza Comercial de Mercancías de México,Nacional,Importaciones,2016,05,Petroleras,2394.981,Cifras Definitivas
Balanza Comercial de Mercancías de México,Nacional,Importaciones,2016,05,No Petroleras,29459.229,Cifras Definitivas
Balanza Comercial de Mercancías de México,Nacional,Importaciones,2016,05,Bienes de Consumo,4166.433,Cifras Definitivas
Balanza Comercial de Mercancías de México,Nacional,Importaciones,2016,05,Bienes Intermedios,24527.593,Cifras Definitivas
Balanza Comercial de Mercancías de México,Nacional,Importaciones,2016,05,Bienes de Capital,3160.184,Cifras Definitivas
Balanza Comercial de Mercancías de México,Nacional,No aplica,2016,05,Balanza Comercial Total Exportaciones Totales - Importaciones Totales,-443.389,Cifras Definitivas
Balanza Comercial de Mercancías de México,Nacional,No aplica,2016,05,Balanza Comercial Total Exportaciones Totales - Importaciones Totales CIF,-1286.2539,Cifras Definitivas
Balanza Comercial de Mercancías de México,Nacional,Exportaciones,2016,06,Exportaciones Totales,31949.905,Cifras Definitivas
Balanza Comercial de Mercancías de México,Nacional,Exportaciones,2016,06,Petroleras,1611.923,Cifras Definitivas
Balanza Comercial de Mercancías de México,Nacional,Exportaciones,2016,06,Petróleo Crudo,1319.364,Cifras Definitivas
Balanza Comercial de Mercancías de México,Nacional,Exportaciones,2016,06,Otras petroleras,292.559,Cifras Definitivas
Balanza Comercial de Mercancías de México,Nacional,Exportaciones,2016,06,No Petroleras,30337.981,Cifras Definitivas
Balanza Comercial de Mercancías de México,Nacional,Exportaciones,2016,06,Agropecuarias,1145.777,Cifras Definitivas
Balanza Comercial de Mercancías de México,Nacional,Exportaciones,2016,06,Extractivas,393.631,Cifras Definitivas
Balanza Comercial de Mercancías de México,Nacional,Exportaciones,2016,06,Manufactureras,28798.573,Cifras Definitivas
Balanza Comercial de Mercancías de México,Nacional,Importaciones,2016,06,Importaciones Totales,32467.942,Cifras Definitivas
Balanza Comercial de Mercancías de México,Nacional,Importaciones,2016,06,Fletes y seguros de las importaciones,872.7518,Cifras Definitivas
Balanza Comercial de Mercancías de México,Nacional,Importaciones,2016,06,Importaciones Totales CIF (Importaciones Totales + Fletes y seguros de las importaciones),33340.6938,Cifras Definitivas
Balanza Comercial de Mercancías de México,Nacional,Importaciones,2016,06,Petroleras,2592.014,Cifras Definitivas
Balanza Comercial de Mercancías de México,Nacional,Importaciones,2016,06,No Petroleras,29875.928,Cifras Definitivas
Balanza Comercial de Mercancías de México,Nacional,Importaciones,2016,06,Bienes de Consumo,4159.195,Cifras Definitivas
Balanza Comercial de Mercancías de México,Nacional,Importaciones,2016,06,Bienes Intermedios,24741.279,Cifras Definitivas
Balanza Comercial de Mercancías de México,Nacional,Importaciones,2016,06,Bienes de Capital,3567.467,Cifras Definitivas
Balanza Comercial de Mercancías de México,Nacional,No aplica,2016,06,Balanza Comercial Total Exportaciones Totales - Importaciones Totales,-518.037,Cifras Definitivas
Balanza Comercial de Mercancías de México,Nacional,No aplica,2016,06,Balanza Comercial Total Exportaciones Totales - Importaciones Totales CIF,-1390.7888,Cifras Definitivas
Balanza Comercial de Mercancías de México,Nacional,Exportaciones,2016,07,Exportaciones Totales,29773.01,Cifras Definitivas
Balanza Comercial de Mercancías de México,Nacional,Exportaciones,2016,07,Petroleras,1617.648,Cifras Definitivas
Balanza Comercial de Mercancías de México,Nacional,Exportaciones,2016,07,Petróleo Crudo,1376.792,Cifras Definitivas
Balanza Comercial de Mercancías de México,Nacional,Exportaciones,2016,07,Otras petroleras,240.856,Cifras Definitivas
Balanza Comercial de Mercancías de México,Nacional,Exportaciones,2016,07,No Petroleras,28155.362,Cifras Definitivas
Balanza Comercial de Mercancías de México,Nacional,Exportaciones,2016,07,Agropecuarias,910.517,Cifras Definitivas
Balanza Comercial de Mercancías de México,Nacional,Exportaciones,2016,07,Extractivas,373.628,Cifras Definitivas
Balanza Comercial de Mercancías de México,Nacional,Exportaciones,2016,07,Manufactureras,26871.217,Cifras Definitivas
Balanza Comercial de Mercancías de México,Nacional,Importaciones,2016,07,Importaciones Totales,31599.262,Cifras Definitivas
Balanza Comercial de Mercancías de México,Nacional,Importaciones,2016,07,Fletes y seguros de las importaciones,855.4981,Cifras Definitivas
Balanza Comercial de Mercancías de México,Nacional,Importaciones,2016,07,Importaciones Totales CIF (Importaciones Totales + Fletes y seguros de las importaciones),32454.7601,Cifras Definitivas
Balanza Comercial de Mercancías de México,Nacional,Importaciones,2016,07,Petroleras,2996.868,Cifras Definitivas
Balanza Comercial de Mercancías de México,Nacional,Importaciones,2016,07,No Petroleras,28602.394,Cifras Definitivas
Balanza Comercial de Mercancías de México,Nacional,Importaciones,2016,07,Bienes de Consumo,4333.743,Cifras Definitivas
Balanza Comercial de Mercancías de México,Nacional,Importaciones,2016,07,Bienes Intermedios,23969.287,Cifras Definitivas
Balanza Comercial de Mercancías de México,Nacional,Importaciones,2016,07,Bienes de Capital,3296.232,Cifras Definitivas
Balanza Comercial de Mercancías de México,Nacional,No aplica,2016,07,Balanza Comercial Total Exportaciones Totales - Importaciones Totales,-1826.252,Cifras Definitivas
Balanza Comercial de Mercancías de México,Nacional,No aplica,2016,07,Balanza Comercial Total Exportaciones Totales - Importaciones Totales CIF,-2681.7501,Cifras Definitivas
Balanza Comercial de Mercancías de México,Nacional,Exportaciones,2016,08,Exportaciones Totales,32446.304,Cifras Definitivas
Balanza Comercial de Mercancías de México,Nacional,Exportaciones,2016,08,Petroleras,1762.087,Cifras Definitivas
Balanza Comercial de Mercancías de México,Nacional,Exportaciones,2016,08,Petróleo Crudo,1501.229,Cifras Definitivas
Balanza Comercial de Mercancías de México,Nacional,Exportaciones,2016,08,Otras petroleras,260.858,Cifras Definitivas
Balanza Comercial de Mercancías de México,Nacional,Exportaciones,2016,08,No Petroleras,30684.217,Cifras Definitivas
Balanza Comercial de Mercancías de México,Nacional,Exportaciones,2016,08,Agropecuarias,950.381,Cifras Definitivas
Balanza Comercial de Mercancías de México,Nacional,Exportaciones,2016,08,Extractivas,388.179,Cifras Definitivas
Balanza Comercial de Mercancías de México,Nacional,Exportaciones,2016,08,Manufactureras,29345.657,Cifras Definitivas
Balanza Comercial de Mercancías de México,Nacional,Importaciones,2016,08,Importaciones Totales,34332.06,Cifras Definitivas
Balanza Comercial de Mercancías de México,Nacional,Importaciones,2016,08,Fletes y seguros de las importaciones,937.7621,Cifras Definitivas
Balanza Comercial de Mercancías de México,Nacional,Importaciones,2016,08,Importaciones Totales CIF (Importaciones Totales + Fletes y seguros de las importaciones),35269.8221,Cifras Definitivas
Balanza Comercial de Mercancías de México,Nacional,Importaciones,2016,08,Petroleras,2789.52,Cifras Definitivas
Balanza Comercial de Mercancías de México,Nacional,Importaciones,2016,08,No Petroleras,31542.54,Cifras Definitivas
Balanza Comercial de Mercancías de México,Nacional,Importaciones,2016,08,Bienes de Consumo,4639.452,Cifras Definitivas
Balanza Comercial de Mercancías de México,Nacional,Importaciones,2016,08,Bienes Intermedios,26143.052,Cifras Definitivas
Balanza Comercial de Mercancías de México,Nacional,Importaciones,2016,08,Bienes de Capital,3549.556,Cifras Definitivas
Balanza Comercial de Mercancías de México,Nacional,No aplica,2016,08,Balanza Comercial Total Exportaciones Totales - Importaciones Totales,-1885.756,Cifras Definitivas
Balanza Comercial de Mercancías de México,Nacional,No aplica,2016,08,Balanza Comercial Total Exportaciones Totales - Importaciones Totales CIF,-2823.5181,Cifras Definitivas
Balanza Comercial de Mercancías de México,Nacional,Exportaciones,2016,09,Exportaciones Totales,32701.172,Cifras Definitivas
Balanza Comercial de Mercancías de México,Nacional,Exportaciones,2016,09,Petroleras,1886.232,Cifras Definitivas
Balanza Comercial de Mercancías de México,Nacional,Exportaciones,2016,09,Petróleo Crudo,1613.669,Cifras Definitivas
Balanza Comercial de Mercancías de México,Nacional,Exportaciones,2016,09,Otras petroleras,272.563,Cifras Definitivas
Balanza Comercial de Mercancías de México,Nacional,Exportaciones,2016,09,No Petroleras,30814.94,Cifras Definitivas
Balanza Comercial de Mercancías de México,Nacional,Exportaciones,2016,09,Agropecuarias,1081.979,Cifras Definitivas
Balanza Comercial de Mercancías de México,Nacional,Exportaciones,2016,09,Extractivas,416.248,Cifras Definitivas
Balanza Comercial de Mercancías de México,Nacional,Exportaciones,2016,09,Manufactureras,29316.713,Cifras Definitivas
Balanza Comercial de Mercancías de México,Nacional,Importaciones,2016,09,Importaciones Totales,34229.627,Cifras Definitivas
Balanza Comercial de Mercancías de México,Nacional,Importaciones,2016,09,Fletes y seguros de las importaciones,926.1561,Cifras Definitivas
Balanza Comercial de Mercancías de México,Nacional,Importaciones,2016,09,Importaciones Totales CIF (Importaciones Totales + Fletes y seguros de las importaciones),35155.7831,Cifras Definitivas
Balanza Comercial de Mercancías de México,Nacional,Importaciones,2016,09,Petroleras,3073.637,Cifras Definitivas
Balanza Comercial de Mercancías de México,Nacional,Importaciones,2016,09,No Petroleras,31155.99,Cifras Definitivas
Balanza Comercial de Mercancías de México,Nacional,Importaciones,2016,09,Bienes de Consumo,4755.788,Cifras Definitivas
Balanza Comercial de Mercancías de México,Nacional,Importaciones,2016,09,Bienes Intermedios,25856.989,Cifras Definitivas
Balanza Comercial de Mercancías de México,Nacional,Importaciones,2016,09,Bienes de Capital,3616.85,Cifras Definitivas
Balanza Comercial de Mercancías de México,Nacional,No aplica,2016,09,Balanza Comercial Total Exportaciones Totales - Importaciones Totales,-1528.455,Cifras Definitivas
Balanza Comercial de Mercancías de México,Nacional,No aplica,2016,09,Balanza Comercial Total Exportaciones Totales - Importaciones Totales CIF,-2454.6111,Cifras Definitivas
Balanza Comercial de Mercancías de México,Nacional,Exportaciones,2016,10,Exportaciones Totales,32596.379,Cifras Definitivas
Balanza Comercial de Mercancías de México,Nacional,Exportaciones,2016,10,Petroleras,1932.789,Cifras Definitivas
Balanza Comercial de Mercancías de México,Nacional,Exportaciones,2016,10,Petróleo Crudo,1681.872,Cifras Definitivas
Balanza Comercial de Mercancías de México,Nacional,Exportaciones,2016,10,Otras petroleras,250.917,Cifras Definitivas
Balanza Comercial de Mercancías de México,Nacional,Exportaciones,2016,10,No Petroleras,30663.59,Cifras Definitivas
Balanza Comercial de Mercancías de México,Nacional,Exportaciones,2016,10,Agropecuarias,1133.342,Cifras Definitivas
Balanza Comercial de Mercancías de México,Nacional,Exportaciones,2016,10,Extractivas,432.725,Cifras Definitivas
Balanza Comercial de Mercancías de México,Nacional,Exportaciones,2016,10,Manufactureras,29097.523,Cifras Definitivas
Balanza Comercial de Mercancías de México,Nacional,Importaciones,2016,10,Importaciones Totales,33495.421,Cifras Definitivas
Balanza Comercial de Mercancías de México,Nacional,Importaciones,2016,10,Fletes y seguros de las importaciones,920.3512,Cifras Definitivas
Balanza Comercial de Mercancías de México,Nacional,Importaciones,2016,10,Importaciones Totales CIF (Importaciones Totales + Fletes y seguros de las importaciones),34415.7722,Cifras Definitivas
Balanza Comercial de Mercancías de México,Nacional,Importaciones,2016,10,Petroleras,2913.646,Cifras Definitivas
Balanza Comercial de Mercancías de México,Nacional,Importaciones,2016,10,No Petroleras,30581.776,Cifras Definitivas
Balanza Comercial de Mercancías de México,Nacional,Importaciones,2016,10,Bienes de Consumo,4737.242,Cifras Definitivas
Balanza Comercial de Mercancías de México,Nacional,Importaciones,2016,10,Bienes Intermedios,25278.336,Cifras Definitivas
Balanza Comercial de Mercancías de México,Nacional,Importaciones,2016,10,Bienes de Capital,3479.843,Cifras Definitivas
Balanza Comercial de Mercancías de México,Nacional,No aplica,2016,10,Balanza Comercial Total Exportaciones Totales - Importaciones Totales,-899.042,Cifras Definitivas
Balanza Comercial de Mercancías de México,Nacional,No aplica,2016,10,Balanza Comercial Total Exportaciones Totales - Importaciones Totales CIF,-1819.3932,Cifras Definitivas
Balanza Comercial de Mercancías de México,Nacional,Exportaciones,2016,11,Exportaciones Totales,34344.613,Cifras Definitivas
Balanza Comercial de Mercancías de México,Nacional,Exportaciones,2016,11,Petroleras,1700.447,Cifras Definitivas
Balanza Comercial de Mercancías de México,Nacional,Exportaciones,2016,11,Petróleo Crudo,1491.336,Cifras Definitivas
Balanza Comercial de Mercancías de México,Nacional,Exportaciones,2016,11,Otras petroleras,209.111,Cifras Definitivas
Balanza Comercial de Mercancías de México,Nacional,Exportaciones,2016,11,No Petroleras,32644.165,Cifras Definitivas
Balanza Comercial de Mercancías de México,Nacional,Exportaciones,2016,11,Agropecuarias,1339.264,Cifras Definitivas
Balanza Comercial de Mercancías de México,Nacional,Exportaciones,2016,11,Extractivas,473.685,Cifras Definitivas
Balanza Comercial de Mercancías de México,Nacional,Exportaciones,2016,11,Manufactureras,30831.216,Cifras Definitivas
Balanza Comercial de Mercancías de México,Nacional,Importaciones,2016,11,Importaciones Totales,34267.067,Cifras Definitivas
Balanza Comercial de Mercancías de México,Nacional,Importaciones,2016,11,Fletes y seguros de las importaciones,934.1314,Cifras Definitivas
Balanza Comercial de Mercancías de México,Nacional,Importaciones,2016,11,Importaciones Totales CIF (Importaciones Totales + Fletes y seguros de las importaciones),35201.1984,Cifras Definitivas
Balanza Comercial de Mercancías de México,Nacional,Importaciones,2016,11,Petroleras,2868.343,Cifras Definitivas
Balanza Comercial de Mercancías de México,Nacional,Importaciones,2016,11,No Petroleras,31398.724,Cifras Definitivas
Balanza Comercial de Mercancías de México,Nacional,Importaciones,2016,11,Bienes de Consumo,4678.962,Cifras Definitivas
Balanza Comercial de Mercancías de México,Nacional,Importaciones,2016,11,Bienes Intermedios,26118.54,Cifras Definitivas
Balanza Comercial de Mercancías de México,Nacional,Importaciones,2016,11,Bienes de Capital,3469.565,Cifras Definitivas
Balanza Comercial de Mercancías de México,Nacional,No aplica,2016,11,Balanza Comercial Total Exportaciones Totales - Importaciones Totales,77.546,Cifras Definitivas
Balanza Comercial de Mercancías de México,Nacional,No aplica,2016,11,Balanza Comercial Total Exportaciones Totales - Importaciones Totales CIF,-856.585399999999,Cifras Definitivas
Balanza Comercial de Mercancías de México,Nacional,Exportaciones,2016,12,Exportaciones Totales,33195.659,Cifras Definitivas
Balanza Comercial de Mercancías de México,Nacional,Exportaciones,2016,12,Petroleras,1820.596,Cifras Definitivas
Balanza Comercial de Mercancías de México,Nacional,Exportaciones,2016,12,Petróleo Crudo,1479.668,Cifras Definitivas
Balanza Comercial de Mercancías de México,Nacional,Exportaciones,2016,12,Otras petroleras,340.928,Cifras Definitivas
Balanza Comercial de Mercancías de México,Nacional,Exportaciones,2016,12,No Petroleras,31375.063,Cifras Definitivas
Balanza Comercial de Mercancías de México,Nacional,Exportaciones,2016,12,Agropecuarias,1381.35,Cifras Definitivas
Balanza Comercial de Mercancías de México,Nacional,Exportaciones,2016,12,Extractivas,391.065,Cifras Definitivas
Balanza Comercial de Mercancías de México,Nacional,Exportaciones,2016,12,Manufactureras,29602.648,Cifras Definitivas
Balanza Comercial de Mercancías de México,Nacional,Importaciones,2016,12,Importaciones Totales,33206.048,Cifras Definitivas
Balanza Comercial de Mercancías de México,Nacional,Importaciones,2016,12,Fletes y seguros de las importaciones,926.0685,Cifras Definitivas
Balanza Comercial de Mercancías de México,Nacional,Importaciones,2016,12,Importaciones Totales CIF (Importaciones Totales + Fletes y seguros de las importaciones),34132.1165,Cifras Definitivas
Balanza Comercial de Mercancías de México,Nacional,Importaciones,2016,12,Petroleras,3445.781,Cifras Definitivas
Balanza Comercial de Mercancías de México,Nacional,Importaciones,2016,12,No Petroleras,29760.267,Cifras Definitivas
Balanza Comercial de Mercancías de México,Nacional,Importaciones,2016,12,Bienes de Consumo,4579.706,Cifras Definitivas
Balanza Comercial de Mercancías de México,Nacional,Importaciones,2016,12,Bienes Intermedios,25077.528,Cifras Definitivas
Balanza Comercial de Mercancías de México,Nacional,Importaciones,2016,12,Bienes de Capital,3548.815,Cifras Definitivas
Balanza Comercial de Mercancías de México,Nacional,No aplica,2016,12,Balanza Comercial Total Exportaciones Totales - Importaciones Totales,-10.389,Cifras Definitivas
Balanza Comercial de Mercancías de México,Nacional,No aplica,2016,12,Balanza Comercial Total Exportaciones Totales - Importaciones Totales CIF,-936.4575,Cifras Definitivas
Balanza Comercial de Mercancías de México,Nacional,Exportaciones,2017,01,Exportaciones Totales,27316.175,Cifras Definitivas
Balanza Comercial de Mercancías de México,Nacional,Exportaciones,2017,01,Petroleras,1875.009,Cifras Definitivas
Balanza Comercial de Mercancías de México,Nacional,Exportaciones,2017,01,Petróleo Crudo,1526.364,Cifras Definitivas
Balanza Comercial de Mercancías de México,Nacional,Exportaciones,2017,01,Otras petroleras,348.645,Cifras Definitivas
Balanza Comercial de Mercancías de México,Nacional,Exportaciones,2017,01,No Petroleras,25441.166,Cifras Definitivas
Balanza Comercial de Mercancías de México,Nacional,Exportaciones,2017,01,Agropecuarias,1323.686,Cifras Definitivas
Balanza Comercial de Mercancías de México,Nacional,Exportaciones,2017,01,Extractivas,311.262,Cifras Definitivas
Balanza Comercial de Mercancías de México,Nacional,Exportaciones,2017,01,Manufactureras,23806.218,Cifras Definitivas
Balanza Comercial de Mercancías de México,Nacional,Importaciones,2017,01,Importaciones Totales,30788.434,Cifras Definitivas
Balanza Comercial de Mercancías de México,Nacional,Importaciones,2017,01,Fletes y seguros de las importaciones,886.5113,Cifras Definitivas
Balanza Comercial de Mercancías de México,Nacional,Importaciones,2017,01,Importaciones Totales CIF (Importaciones Totales + Fletes y seguros de las importaciones),31674.9453,Cifras Definitivas
Balanza Comercial de Mercancías de México,Nacional,Importaciones,2017,01,Petroleras,3376.032,Cifras Definitivas
Balanza Comercial de Mercancías de México,Nacional,Importaciones,2017,01,No Petroleras,27412.402,Cifras Definitivas
Balanza Comercial de Mercancías de México,Nacional,Importaciones,2017,01,Bienes de Consumo,4218.591,Cifras Definitivas
Balanza Comercial de Mercancías de México,Nacional,Importaciones,2017,01,Bienes Intermedios,23420.586,Cifras Definitivas
Balanza Comercial de Mercancías de México,Nacional,Importaciones,2017,01,Bienes de Capital,3149.257,Cifras Definitivas
Balanza Comercial de Mercancías de México,Nacional,No aplica,2017,01,Balanza Comercial Total Exportaciones Totales - Importaciones Totales,-3472.259,Cifras Definitivas
Balanza Comercial de Mercancías de México,Nacional,No aplica,2017,01,Balanza Comercial Total Exportaciones Totales - Importaciones Totales CIF,-4358.7703,Cifras Definitivas
Balanza Comercial de Mercancías de México,Nacional,Exportaciones,2017,02,Exportaciones Totales,31345.973,Cifras Definitivas
Balanza Comercial de Mercancías de México,Nacional,Exportaciones,2017,02,Petroleras,1891.857,Cifras Definitivas
Balanza Comercial de Mercancías de México,Nacional,Exportaciones,2017,02,Petróleo Crudo,1524.602,Cifras Definitivas
Balanza Comercial de Mercancías de México,Nacional,Exportaciones,2017,02,Otras petroleras,367.255,Cifras Definitivas
Balanza Comercial de Mercancías de México,Nacional,Exportaciones,2017,02,No Petroleras,29454.116,Cifras Definitivas
Balanza Comercial de Mercancías de México,Nacional,Exportaciones,2017,02,Agropecuarias,1408.394,Cifras Definitivas
Balanza Comercial de Mercancías de México,Nacional,Exportaciones,2017,02,Extractivas,463.883,Cifras Definitivas
Balanza Comercial de Mercancías de México,Nacional,Exportaciones,2017,02,Manufactureras,27581.839,Cifras Definitivas
Balanza Comercial de Mercancías de México,Nacional,Importaciones,2017,02,Importaciones Totales,30585.757,Cifras Definitivas
Balanza Comercial de Mercancías de México,Nacional,Importaciones,2017,02,Fletes y seguros de las importaciones,850.546,Cifras Definitivas
Balanza Comercial de Mercancías de México,Nacional,Importaciones,2017,02,Importaciones Totales CIF (Importaciones Totales + Fletes y seguros de las importaciones),31436.303,Cifras Definitivas
Balanza Comercial de Mercancías de México,Nacional,Importaciones,2017,02,Petroleras,3050.589,Cifras Definitivas
Balanza Comercial de Mercancías de México,Nacional,Importaciones,2017,02,No Petroleras,27535.168,Cifras Definitivas
Balanza Comercial de Mercancías de México,Nacional,Importaciones,2017,02,Bienes de Consumo,4078.97,Cifras Definitivas
Balanza Comercial de Mercancías de México,Nacional,Importaciones,2017,02,Bienes Intermedios,23713.982,Cifras Definitivas
Balanza Comercial de Mercancías de México,Nacional,Importaciones,2017,02,Bienes de Capital,2792.805,Cifras Definitivas
Balanza Comercial de Mercancías de México,Nacional,No aplica,2017,02,Balanza Comercial Total Exportaciones Totales - Importaciones Totales,760.216,Cifras Definitivas
Balanza Comercial de Mercancías de México,Nacional,No aplica,2017,02,Balanza Comercial Total Exportaciones Totales - Importaciones Totales CIF,-90.33,Cifras Definitivas
Balanza Comercial de Mercancías de México,Nacional,Exportaciones,2017,03,Exportaciones Totales,36048.426,Cifras Definitivas
Balanza Comercial de Mercancías de México,Nacional,Exportaciones,2017,03,Petroleras,1721.941,Cifras Definitivas
Balanza Comercial de Mercancías de México,Nacional,Exportaciones,2017,03,Petróleo Crudo,1308.81,Cifras Definitivas
Balanza Comercial de Mercancías de México,Nacional,Exportaciones,2017,03,Otras petroleras,413.13,Cifras Definitivas
Balanza Comercial de Mercancías de México,Nacional,Exportaciones,2017,03,No Petroleras,34326.485,Cifras Definitivas
Balanza Comercial de Mercancías de México,Nacional,Exportaciones,2017,03,Agropecuarias,1689.479,Cifras Definitivas
Balanza Comercial de Mercancías de México,Nacional,Exportaciones,2017,03,Extractivas,408.563,Cifras Definitivas
Balanza Comercial de Mercancías de México,Nacional,Exportaciones,2017,03,Manufactureras,32228.443,Cifras Definitivas
Balanza Comercial de Mercancías de México,Nacional,Importaciones,2017,03,Importaciones Totales,36110.316,Cifras Definitivas
Balanza Comercial de Mercancías de México,Nacional,Importaciones,2017,03,Fletes y seguros de las importaciones,998.6382,Cifras Definitivas
Balanza Comercial de Mercancías de México,Nacional,Importaciones,2017,03,Importaciones Totales CIF (Importaciones Totales + Fletes y seguros de las importaciones),37108.9542,Cifras Definitivas
Balanza Comercial de Mercancías de México,Nacional,Importaciones,2017,03,Petroleras,3434.004,Cifras Definitivas
Balanza Comercial de Mercancías de México,Nacional,Importaciones,2017,03,No Petroleras,32676.312,Cifras Definitivas
Balanza Comercial de Mercancías de México,Nacional,Importaciones,2017,03,Bienes de Consumo,4759.148,Cifras Definitivas
Balanza Comercial de Mercancías de México,Nacional,Importaciones,2017,03,Bienes Intermedios,28040.627,Cifras Definitivas
Balanza Comercial de Mercancías de México,Nacional,Importaciones,2017,03,Bienes de Capital,3310.54,Cifras Definitivas
Balanza Comercial de Mercancías de México,Nacional,No aplica,2017,03,Balanza Comercial Total Exportaciones Totales - Importaciones Totales,-61.89,Cifras Definitivas
Balanza Comercial de Mercancías de México,Nacional,No aplica,2017,03,Balanza Comercial Total Exportaciones Totales - Importaciones Totales CIF,-1060.5282,Cifras Definitivas
Balanza Comercial de Mercancías de México,Nacional,Exportaciones,2017,04,Exportaciones Totales,31768.954,Cifras Definitivas
Balanza Comercial de Mercancías de México,Nacional,Exportaciones,2017,04,Petroleras,1679.204,Cifras Definitivas
Balanza Comercial de Mercancías de México,Nacional,Exportaciones,2017,04,Petróleo Crudo,1326.988,Cifras Definitivas
Balanza Comercial de Mercancías de México,Nacional,Exportaciones,2017,04,Otras petroleras,352.216,Cifras Definitivas
Balanza Comercial de Mercancías de México,Nacional,Exportaciones,2017,04,No Petroleras,30089.75,Cifras Definitivas
Balanza Comercial de Mercancías de México,Nacional,Exportaciones,2017,04,Agropecuarias,1406.819,Cifras Definitivas
Balanza Comercial de Mercancías de México,Nacional,Exportaciones,2017,04,Extractivas,497.829,Cifras Definitivas
Balanza Comercial de Mercancías de México,Nacional,Exportaciones,2017,04,Manufactureras,28185.102,Cifras Definitivas
Balanza Comercial de Mercancías de México,Nacional,Importaciones,2017,04,Importaciones Totales,30869.68,Cifras Definitivas
Balanza Comercial de Mercancías de México,Nacional,Importaciones,2017,04,Fletes y seguros de las importaciones,862.5463,Cifras Definitivas
Balanza Comercial de Mercancías de México,Nacional,Importaciones,2017,04,Importaciones Totales CIF (Importaciones Totales + Fletes y seguros de las importaciones),31732.2263,Cifras Definitivas
Balanza Comercial de Mercancías de México,Nacional,Importaciones,2017,04,Petroleras,2870.744,Cifras Definitivas
Balanza Comercial de Mercancías de México,Nacional,Importaciones,2017,04,No Petroleras,27998.936,Cifras Definitivas
Balanza Comercial de Mercancías de México,Nacional,Importaciones,2017,04,Bienes de Consumo,4028.873,Cifras Definitivas
Balanza Comercial de Mercancías de México,Nacional,Importaciones,2017,04,Bienes Intermedios,23879.658,Cifras Definitivas
Balanza Comercial de Mercancías de México,Nacional,Importaciones,2017,04,Bienes de Capital,2961.149,Cifras Definitivas
Balanza Comercial de Mercancías de México,Nacional,No aplica,2017,04,Balanza Comercial Total Exportaciones Totales - Importaciones Totales,899.274,Cifras Definitivas
Balanza Comercial de Mercancías de México,Nacional,No aplica,2017,04,Balanza Comercial Total Exportaciones Totales - Importaciones Totales CIF,36.7276999999992,Cifras Definitivas
Balanza Comercial de Mercancías de México,Nacional,Exportaciones,2017,05,Exportaciones Totales,35342.342,Cifras Definitivas
Balanza Comercial de Mercancías de México,Nacional,Exportaciones,2017,05,Petroleras,1630.558,Cifras Definitivas
Balanza Comercial de Mercancías de México,Nacional,Exportaciones,2017,05,Petróleo Crudo,1303.194,Cifras Definitivas
Balanza Comercial de Mercancías de México,Nacional,Exportaciones,2017,05,Otras petroleras,327.364,Cifras Definitivas
Balanza Comercial de Mercancías de México,Nacional,Exportaciones,2017,05,No Petroleras,33711.784,Cifras Definitivas
Balanza Comercial de Mercancías de México,Nacional,Exportaciones,2017,05,Agropecuarias,1556.195,Cifras Definitivas
Balanza Comercial de Mercancías de México,Nacional,Exportaciones,2017,05,Extractivas,394.48,Cifras Definitivas
Balanza Comercial de Mercancías de México,Nacional,Exportaciones,2017,05,Manufactureras,31761.108,Cifras Definitivas
Balanza Comercial de Mercancías de México,Nacional,Importaciones,2017,05,Importaciones Totales,36546.951,Cifras Definitivas
Balanza Comercial de Mercancías de México,Nacional,Importaciones,2017,05,Fletes y seguros de las importaciones,993.6701,Cifras Definitivas
Balanza Comercial de Mercancías de México,Nacional,Importaciones,2017,05,Importaciones Totales CIF (Importaciones Totales + Fletes y seguros de las importaciones),37540.6211,Cifras Definitivas
Balanza Comercial de Mercancías de México,Nacional,Importaciones,2017,05,Petroleras,2945.442,Cifras Definitivas
Balanza Comercial de Mercancías de México,Nacional,Importaciones,2017,05,No Petroleras,33601.509,Cifras Definitivas
Balanza Comercial de Mercancías de México,Nacional,Importaciones,2017,05,Bienes de Consumo,4611.677,Cifras Definitivas
Balanza Comercial de Mercancías de México,Nacional,Importaciones,2017,05,Bienes Intermedios,28459.545,Cifras Definitivas
Balanza Comercial de Mercancías de México,Nacional,Importaciones,2017,05,Bienes de Capital,3475.729,Cifras Definitivas
Balanza Comercial de Mercancías de México,Nacional,No aplica,2017,05,Balanza Comercial Total Exportaciones Totales - Importaciones Totales,-1204.609,Cifras Definitivas
Balanza Comercial de Mercancías de México,Nacional,No aplica,2017,05,Balanza Comercial Total Exportaciones Totales - Importaciones Totales CIF,-2198.2791,Cifras Definitivas
Balanza Comercial de Mercancías de México,Nacional,Exportaciones,2017,06,Exportaciones Totales,35547.887,Cifras Definitivas
Balanza Comercial de Mercancías de México,Nacional,Exportaciones,2017,06,Petroleras,1780.551,Cifras Definitivas
Balanza Comercial de Mercancías de México,Nacional,Exportaciones,2017,06,Petróleo Crudo,1432.748,Cifras Definitivas
Balanza Comercial de Mercancías de México,Nacional,Exportaciones,2017,06,Otras petroleras,347.803,Cifras Definitivas
Balanza Comercial de Mercancías de México,Nacional,Exportaciones,2017,06,No Petroleras,33767.335,Cifras Definitivas
Balanza Comercial de Mercancías de México,Nacional,Exportaciones,2017,06,Agropecuarias,1215.695,Cifras Definitivas
Balanza Comercial de Mercancías de México,Nacional,Exportaciones,2017,06,Extractivas,499.024,Cifras Definitivas
Balanza Comercial de Mercancías de México,Nacional,Exportaciones,2017,06,Manufactureras,32052.617,Cifras Definitivas
Balanza Comercial de Mercancías de México,Nacional,Importaciones,2017,06,Importaciones Totales,35548.917,Cifras Definitivas
Balanza Comercial de Mercancías de México,Nacional,Importaciones,2017,06,Fletes y seguros de las importaciones,967.6926,Cifras Definitivas
Balanza Comercial de Mercancías de México,Nacional,Importaciones,2017,06,Importaciones Totales CIF (Importaciones Totales + Fletes y seguros de las importaciones),36516.6096,Cifras Definitivas
Balanza Comercial de Mercancías de México,Nacional,Importaciones,2017,06,Petroleras,3100.625,Cifras Definitivas
Balanza Comercial de Mercancías de México,Nacional,Importaciones,2017,06,No Petroleras,32448.292,Cifras Definitivas
Balanza Comercial de Mercancías de México,Nacional,Importaciones,2017,06,Bienes de Consumo,4646.839,Cifras Definitivas
Balanza Comercial de Mercancías de México,Nacional,Importaciones,2017,06,Bienes Intermedios,27424.716,Cifras Definitivas
Balanza Comercial de Mercancías de México,Nacional,Importaciones,2017,06,Bienes de Capital,3477.362,Cifras Definitivas
Balanza Comercial de Mercancías de México,Nacional,No aplica,2017,06,Balanza Comercial Total Exportaciones Totales - Importaciones Totales,-1.03,Cifras Definitivas
Balanza Comercial de Mercancías de México,Nacional,No aplica,2017,06,Balanza Comercial Total Exportaciones Totales - Importaciones Totales CIF,-968.722600000001,Cifras Definitivas
Balanza Comercial de Mercancías de México,Nacional,Exportaciones,2017,07,Exportaciones Totales,32155.156,Cifras Definitivas
Balanza Comercial de Mercancías de México,Nacional,Exportaciones,2017,07,Petroleras,1940.723,Cifras Definitivas
Balanza Comercial de Mercancías de México,Nacional,Exportaciones,2017,07,Petróleo Crudo,1716.195,Cifras Definitivas
Balanza Comercial de Mercancías de México,Nacional,Exportaciones,2017,07,Otras petroleras,224.528,Cifras Definitivas
Balanza Comercial de Mercancías de México,Nacional,Exportaciones,2017,07,No Petroleras,30214.433,Cifras Definitivas
Balanza Comercial de Mercancías de México,Nacional,Exportaciones,2017,07,Agropecuarias,994.464,Cifras Definitivas
Balanza Comercial de Mercancías de México,Nacional,Exportaciones,2017,07,Extractivas,427.942,Cifras Definitivas
Balanza Comercial de Mercancías de México,Nacional,Exportaciones,2017,07,Manufactureras,28792.027,Cifras Definitivas
Balanza Comercial de Mercancías de México,Nacional,Importaciones,2017,07,Importaciones Totales,33687.183,Cifras Definitivas
Balanza Comercial de Mercancías de México,Nacional,Importaciones,2017,07,Fletes y seguros de las importaciones,937.107,Cifras Definitivas
Balanza Comercial de Mercancías de México,Nacional,Importaciones,2017,07,Importaciones Totales CIF (Importaciones Totales + Fletes y seguros de las importaciones),34624.29,Cifras Definitivas
Balanza Comercial de Mercancías de México,Nacional,Importaciones,2017,07,Petroleras,3133.569,Cifras Definitivas
Balanza Comercial de Mercancías de México,Nacional,Importaciones,2017,07,No Petroleras,30553.614,Cifras Definitivas
Balanza Comercial de Mercancías de México,Nacional,Importaciones,2017,07,Bienes de Consumo,4436.965,Cifras Definitivas
Balanza Comercial de Mercancías de México,Nacional,Importaciones,2017,07,Bienes Intermedios,25925.894,Cifras Definitivas
Balanza Comercial de Mercancías de México,Nacional,Importaciones,2017,07,Bienes de Capital,3324.324,Cifras Definitivas
Balanza Comercial de Mercancías de México,Nacional,No aplica,2017,07,Balanza Comercial Total Exportaciones Totales - Importaciones Totales,-1532.027,Cifras Definitivas
Balanza Comercial de Mercancías de México,Nacional,No aplica,2017,07,Balanza Comercial Total Exportaciones Totales - Importaciones Totales CIF,-2469.134,Cifras Definitivas
Balanza Comercial de Mercancías de México,Nacional,Exportaciones,2017,08,Exportaciones Totales,35926.907,Cifras Definitivas
Balanza Comercial de Mercancías de México,Nacional,Exportaciones,2017,08,Petroleras,1850.193,Cifras Definitivas
Balanza Comercial de Mercancías de México,Nacional,Exportaciones,2017,08,Petróleo Crudo,1582.69,Cifras Definitivas
Balanza Comercial de Mercancías de México,Nacional,Exportaciones,2017,08,Otras petroleras,267.503,Cifras Definitivas
Balanza Comercial de Mercancías de México,Nacional,Exportaciones,2017,08,No Petroleras,34076.714,Cifras Definitivas
Balanza Comercial de Mercancías de México,Nacional,Exportaciones,2017,08,Agropecuarias,1117.969,Cifras Definitivas
Balanza Comercial de Mercancías de México,Nacional,Exportaciones,2017,08,Extractivas,462.81,Cifras Definitivas
Balanza Comercial de Mercancías de México,Nacional,Exportaciones,2017,08,Manufactureras,32495.935,Cifras Definitivas
Balanza Comercial de Mercancías de México,Nacional,Importaciones,2017,08,Importaciones Totales,38513.13,Cifras Definitivas
Balanza Comercial de Mercancías de México,Nacional,Importaciones,2017,08,Fletes y seguros de las importaciones,1111.8232,Cifras Definitivas
Balanza Comercial de Mercancías de México,Nacional,Importaciones,2017,08,Importaciones Totales CIF (Importaciones Totales + Fletes y seguros de las importaciones),39624.9532,Cifras Definitivas
Balanza Comercial de Mercancías de México,Nacional,Importaciones,2017,08,Petroleras,4030.659,Cifras Definitivas
Balanza Comercial de Mercancías de México,Nacional,Importaciones,2017,08,No Petroleras,34482.471,Cifras Definitivas
Balanza Comercial de Mercancías de México,Nacional,Importaciones,2017,08,Bienes de Consumo,5196.2,Cifras Definitivas
Balanza Comercial de Mercancías de México,Nacional,Importaciones,2017,08,Bienes Intermedios,29484.697,Cifras Definitivas
Balanza Comercial de Mercancías de México,Nacional,Importaciones,2017,08,Bienes de Capital,3832.232,Cifras Definitivas
Balanza Comercial de Mercancías de México,Nacional,No aplica,2017,08,Balanza Comercial Total Exportaciones Totales - Importaciones Totales,-2586.223,Cifras Definitivas
Balanza Comercial de Mercancías de México,Nacional,No aplica,2017,08,Balanza Comercial Total Exportaciones Totales - Importaciones Totales CIF,-3698.0462,Cifras Definitivas
Balanza Comercial de Mercancías de México,Nacional,Exportaciones,2017,09,Exportaciones Totales,33771.318,Cifras Definitivas
Balanza Comercial de Mercancías de México,Nacional,Exportaciones,2017,09,Petroleras,1929.871,Cifras Definitivas
Balanza Comercial de Mercancías de México,Nacional,Exportaciones,2017,09,Petróleo Crudo,1678.773,Cifras Definitivas
Balanza Comercial de Mercancías de México,Nacional,Exportaciones,2017,09,Otras petroleras,251.099,Cifras Definitivas
Balanza Comercial de Mercancías de México,Nacional,Exportaciones,2017,09,No Petroleras,31841.447,Cifras Definitivas
Balanza Comercial de Mercancías de México,Nacional,Exportaciones,2017,09,Agropecuarias,983.568,Cifras Definitivas
Balanza Comercial de Mercancías de México,Nacional,Exportaciones,2017,09,Extractivas,523.089,Cifras Definitivas
Balanza Comercial de Mercancías de México,Nacional,Exportaciones,2017,09,Manufactureras,30334.79,Cifras Definitivas
Balanza Comercial de Mercancías de México,Nacional,Importaciones,2017,09,Importaciones Totales,35706.801,Cifras Definitivas
Balanza Comercial de Mercancías de México,Nacional,Importaciones,2017,09,Fletes y seguros de las importaciones,1024.2142,Cifras Definitivas
Balanza Comercial de Mercancías de México,Nacional,Importaciones,2017,09,Importaciones Totales CIF (Importaciones Totales + Fletes y seguros de las importaciones),36731.0152,Cifras Definitivas
Balanza Comercial de Mercancías de México,Nacional,Importaciones,2017,09,Petroleras,3621.293,Cifras Definitivas
Balanza Comercial de Mercancías de México,Nacional,Importaciones,2017,09,No Petroleras,32085.508,Cifras Definitivas
Balanza Comercial de Mercancías de México,Nacional,Importaciones,2017,09,Bienes de Consumo,5090.858,Cifras Definitivas
Balanza Comercial de Mercancías de México,Nacional,Importaciones,2017,09,Bienes Intermedios,27113.405,Cifras Definitivas
Balanza Comercial de Mercancías de México,Nacional,Importaciones,2017,09,Bienes de Capital,3502.538,Cifras Definitivas
Balanza Comercial de Mercancías de México,Nacional,No aplica,2017,09,Balanza Comercial Total Exportaciones Totales - Importaciones Totales,-1935.483,Cifras Definitivas
Balanza Comercial de Mercancías de México,Nacional,No aplica,2017,09,Balanza Comercial Total Exportaciones Totales - Importaciones Totales CIF,-2959.6972,Cifras Definitivas
Balanza Comercial de Mercancías de México,Nacional,Exportaciones,2017,10,Exportaciones Totales,36715.63,Cifras Definitivas
Balanza Comercial de Mercancías de México,Nacional,Exportaciones,2017,10,Petroleras,2279.544,Cifras Definitivas
Balanza Comercial de Mercancías de México,Nacional,Exportaciones,2017,10,Petróleo Crudo,2055.952,Cifras Definitivas
Balanza Comercial de Mercancías de México,Nacional,Exportaciones,2017,10,Otras petroleras,223.592,Cifras Definitivas
Balanza Comercial de Mercancías de México,Nacional,Exportaciones,2017,10,No Petroleras,34436.085,Cifras Definitivas
Balanza Comercial de Mercancías de México,Nacional,Exportaciones,2017,10,Agropecuarias,1227.12,Cifras Definitivas
Balanza Comercial de Mercancías de México,Nacional,Exportaciones,2017,10,Extractivas,478.155,Cifras Definitivas
Balanza Comercial de Mercancías de México,Nacional,Exportaciones,2017,10,Manufactureras,32730.811,Cifras Definitivas
Balanza Comercial de Mercancías de México,Nacional,Importaciones,2017,10,Importaciones Totales,38969.493,Cifras Definitivas
Balanza Comercial de Mercancías de México,Nacional,Importaciones,2017,10,Fletes y seguros de las importaciones,1104.4986,Cifras Definitivas
Balanza Comercial de Mercancías de México,Nacional,Importaciones,2017,10,Importaciones Totales CIF (Importaciones Totales + Fletes y seguros de las importaciones),40073.9916,Cifras Definitivas
Balanza Comercial de Mercancías de México,Nacional,Importaciones,2017,10,Petroleras,4082.313,Cifras Definitivas
Balanza Comercial de Mercancías de México,Nacional,Importaciones,2017,10,No Petroleras,34887.18,Cifras Definitivas
Balanza Comercial de Mercancías de México,Nacional,Importaciones,2017,10,Bienes de Consumo,5591.569,Cifras Definitivas
Balanza Comercial de Mercancías de México,Nacional,Importaciones,2017,10,Bienes Intermedios,29562.883,Cifras Definitivas
Balanza Comercial de Mercancías de México,Nacional,Importaciones,2017,10,Bienes de Capital,3815.042,Cifras Definitivas
Balanza Comercial de Mercancías de México,Nacional,No aplica,2017,10,Balanza Comercial Total Exportaciones Totales - Importaciones Totales,-2253.863,Cifras Definitivas
Balanza Comercial de Mercancías de México,Nacional,No aplica,2017,10,Balanza Comercial Total Exportaciones Totales - Importaciones Totales CIF,-3358.3616,Cifras Definitivas
Balanza Comercial de Mercancías de México,Nacional,Exportaciones,2017,11,Exportaciones Totales,37507.573,Cifras Definitivas
Balanza Comercial de Mercancías de México,Nacional,Exportaciones,2017,11,Petroleras,2482.094,Cifras Definitivas
Balanza Comercial de Mercancías de México,Nacional,Exportaciones,2017,11,Petróleo Crudo,2233.416,Cifras Definitivas
Balanza Comercial de Mercancías de México,Nacional,Exportaciones,2017,11,Otras petroleras,248.678,Cifras Definitivas
Balanza Comercial de Mercancías de México,Nacional,Exportaciones,2017,11,No Petroleras,35025.479,Cifras Definitivas
Balanza Comercial de Mercancías de México,Nacional,Exportaciones,2017,11,Agropecuarias,1408.044,Cifras Definitivas
Balanza Comercial de Mercancías de México,Nacional,Exportaciones,2017,11,Extractivas,484.014,Cifras Definitivas
Balanza Comercial de Mercancías de México,Nacional,Exportaciones,2017,11,Manufactureras,33133.422,Cifras Definitivas
Balanza Comercial de Mercancías de México,Nacional,Importaciones,2017,11,Importaciones Totales,37082.913,Cifras Definitivas
Balanza Comercial de Mercancías de México,Nacional,Importaciones,2017,11,Fletes y seguros de las importaciones,1027.9161,Cifras Definitivas
Balanza Comercial de Mercancías de México,Nacional,Importaciones,2017,11,Importaciones Totales CIF (Importaciones Totales + Fletes y seguros de las importaciones),38110.8291,Cifras Definitivas
Balanza Comercial de Mercancías de México,Nacional,Importaciones,2017,11,Petroleras,3976.558,Cifras Definitivas
Balanza Comercial de Mercancías de México,Nacional,Importaciones,2017,11,No Petroleras,33106.355,Cifras Definitivas
Balanza Comercial de Mercancías de México,Nacional,Importaciones,2017,11,Bienes de Consumo,5363.894,Cifras Definitivas
Balanza Comercial de Mercancías de México,Nacional,Importaciones,2017,11,Bienes Intermedios,28037.601,Cifras Definitivas
Balanza Comercial de Mercancías de México,Nacional,Importaciones,2017,11,Bienes de Capital,3681.418,Cifras Definitivas
Balanza Comercial de Mercancías de México,Nacional,No aplica,2017,11,Balanza Comercial Total Exportaciones Totales - Importaciones Totales,424.66,Cifras Definitivas
Balanza Comercial de Mercancías de México,Nacional,No aplica,2017,11,Balanza Comercial Total Exportaciones Totales - Importaciones Totales CIF,-603.256100000001,Cifras Definitivas
Balanza Comercial de Mercancías de México,Nacional,Exportaciones,2017,12,Exportaciones Totales,35986.234,Cifras Definitivas
Balanza Comercial de Mercancías de México,Nacional,Exportaciones,2017,12,Petroleras,2663.613,Cifras Definitivas
Balanza Comercial de Mercancías de México,Nacional,Exportaciones,2017,12,Petróleo Crudo,2357.478,Cifras Definitivas
Balanza Comercial de Mercancías de México,Nacional,Exportaciones,2017,12,Otras petroleras,306.135,Cifras Definitivas
Balanza Comercial de Mercancías de México,Nacional,Exportaciones,2017,12,No Petroleras,33322.621,Cifras Definitivas
Balanza Comercial de Mercancías de México,Nacional,Exportaciones,2017,12,Agropecuarias,1668.523,Cifras Definitivas
Balanza Comercial de Mercancías de México,Nacional,Exportaciones,2017,12,Extractivas,476.02,Cifras Definitivas
Balanza Comercial de Mercancías de México,Nacional,Exportaciones,2017,12,Manufactureras,31178.078,Cifras Definitivas
Balanza Comercial de Mercancías de México,Nacional,Importaciones,2017,12,Importaciones Totales,35984.012,Cifras Definitivas
Balanza Comercial de Mercancías de México,Nacional,Importaciones,2017,12,Fletes y seguros de las importaciones,1021.1407,Cifras Definitivas
Balanza Comercial de Mercancías de México,Nacional,Importaciones,2017,12,Importaciones Totales CIF (Importaciones Totales + Fletes y seguros de las importaciones),37005.1527,Cifras Definitivas
Balanza Comercial de Mercancías de México,Nacional,Importaciones,2017,12,Petroleras,4388.471,Cifras Definitivas
Balanza Comercial de Mercancías de México,Nacional,Importaciones,2017,12,No Petroleras,31595.54,Cifras Definitivas
Balanza Comercial de Mercancías de México,Nacional,Importaciones,2017,12,Bienes de Consumo,5314.816,Cifras Definitivas
Balanza Comercial de Mercancías de México,Nacional,Importaciones,2017,12,Bienes Intermedios,26975.812,Cifras Definitivas
Balanza Comercial de Mercancías de México,Nacional,Importaciones,2017,12,Bienes de Capital,3693.384,Cifras Definitivas
Balanza Comercial de Mercancías de México,Nacional,No aplica,2017,12,Balanza Comercial Total Exportaciones Totales - Importaciones Totales,2.222,Cifras Definitivas
Balanza Comercial de Mercancías de México,Nacional,No aplica,2017,12,Balanza Comercial Total Exportaciones Totales - Importaciones Totales CIF,-1018.9187,Cifras Definitivas
Balanza Comercial de Mercancías de México,Nacional,Exportaciones,2018,01,Exportaciones Totales,30718.527,Cifras Definitivas
Balanza Comercial de Mercancías de México,Nacional,Exportaciones,2018,01,Petroleras,2313.65,Cifras Definitivas
Balanza Comercial de Mercancías de México,Nacional,Exportaciones,2018,01,Petróleo Crudo,1979.404,Cifras Definitivas
Balanza Comercial de Mercancías de México,Nacional,Exportaciones,2018,01,Otras petroleras,334.246,Cifras Definitivas
Balanza Comercial de Mercancías de México,Nacional,Exportaciones,2018,01,No Petroleras,28404.877,Cifras Definitivas
Balanza Comercial de Mercancías de México,Nacional,Exportaciones,2018,01,Agropecuarias,1603.796,Cifras Definitivas
Balanza Comercial de Mercancías de México,Nacional,Exportaciones,2018,01,Extractivas,500.068,Cifras Definitivas
Balanza Comercial de Mercancías de México,Nacional,Exportaciones,2018,01,Manufactureras,26301.012,Cifras Definitivas
Balanza Comercial de Mercancías de México,Nacional,Importaciones,2018,01,Importaciones Totales,35140.478,Cifras Definitivas
Balanza Comercial de Mercancías de México,Nacional,Importaciones,2018,01,Fletes y seguros de las importaciones,950.9736,Cifras Definitivas
Balanza Comercial de Mercancías de México,Nacional,Importaciones,2018,01,Importaciones Totales CIF (Importaciones Totales + Fletes y seguros de las importaciones),36091.4516,Cifras Definitivas
Balanza Comercial de Mercancías de México,Nacional,Importaciones,2018,01,Petroleras,3874.791,Cifras Definitivas
Balanza Comercial de Mercancías de México,Nacional,Importaciones,2018,01,No Petroleras,31265.687,Cifras Definitivas
Balanza Comercial de Mercancías de México,Nacional,Importaciones,2018,01,Bienes de Consumo,4931.393,Cifras Definitivas
Balanza Comercial de Mercancías de México,Nacional,Importaciones,2018,01,Bienes Intermedios,26502.373,Cifras Definitivas
Balanza Comercial de Mercancías de México,Nacional,Importaciones,2018,01,Bienes de Capital,3706.711,Cifras Definitivas
Balanza Comercial de Mercancías de México,Nacional,No aplica,2018,01,Balanza Comercial Total Exportaciones Totales - Importaciones Totales,-4421.951,Cifras Definitivas
Balanza Comercial de Mercancías de México,Nacional,No aplica,2018,01,Balanza Comercial Total Exportaciones Totales - Importaciones Totales CIF,-5372.9246,Cifras Definitivas
Balanza Comercial de Mercancías de México,Nacional,Exportaciones,2018,02,Exportaciones Totales,35093.793,Cifras Definitivas
Balanza Comercial de Mercancías de México,Nacional,Exportaciones,2018,02,Petroleras,2598.853,Cifras Definitivas
Balanza Comercial de Mercancías de México,Nacional,Exportaciones,2018,02,Petróleo Crudo,2299.678,Cifras Definitivas
Balanza Comercial de Mercancías de México,Nacional,Exportaciones,2018,02,Otras petroleras,299.175,Cifras Definitivas
Balanza Comercial de Mercancías de México,Nacional,Exportaciones,2018,02,No Petroleras,32494.94,Cifras Definitivas
Balanza Comercial de Mercancías de México,Nacional,Exportaciones,2018,02,Agropecuarias,1524.793,Cifras Definitivas
Balanza Comercial de Mercancías de México,Nacional,Exportaciones,2018,02,Extractivas,494.984,Cifras Definitivas
Balanza Comercial de Mercancías de México,Nacional,Exportaciones,2018,02,Manufactureras,30475.162,Cifras Definitivas
Balanza Comercial de Mercancías de México,Nacional,Importaciones,2018,02,Importaciones Totales,34149.86,Cifras Definitivas
Balanza Comercial de Mercancías de México,Nacional,Importaciones,2018,02,Fletes y seguros de las importaciones,927.3837,Cifras Definitivas
Balanza Comercial de Mercancías de México,Nacional,Importaciones,2018,02,Importaciones Totales CIF (Importaciones Totales + Fletes y seguros de las importaciones),35077.2437,Cifras Definitivas
Balanza Comercial de Mercancías de México,Nacional,Importaciones,2018,02,Petroleras,3931.095,Cifras Definitivas
Balanza Comercial de Mercancías de México,Nacional,Importaciones,2018,02,No Petroleras,30218.765,Cifras Definitivas
Balanza Comercial de Mercancías de México,Nacional,Importaciones,2018,02,Bienes de Consumo,4573.151,Cifras Definitivas
Balanza Comercial de Mercancías de México,Nacional,Importaciones,2018,02,Bienes Intermedios,26244.012,Cifras Definitivas
Balanza Comercial de Mercancías de México,Nacional,Importaciones,2018,02,Bienes de Capital,3332.697,Cifras Definitivas
Balanza Comercial de Mercancías de México,Nacional,No aplica,2018,02,Balanza Comercial Total Exportaciones Totales - Importaciones Totales,943.933,Cifras Definitivas
Balanza Comercial de Mercancías de México,Nacional,No aplica,2018,02,Balanza Comercial Total Exportaciones Totales - Importaciones Totales CIF,16.549299999997,Cifras Definitivas
Balanza Comercial de Mercancías de México,Nacional,Exportaciones,2018,03,Exportaciones Totales,39484.266,Cifras Definitivas
Balanza Comercial de Mercancías de México,Nacional,Exportaciones,2018,03,Petroleras,2456.376,Cifras Definitivas
Balanza Comercial de Mercancías de México,Nacional,Exportaciones,2018,03,Petróleo Crudo,2089.879,Cifras Definitivas
Balanza Comercial de Mercancías de México,Nacional,Exportaciones,2018,03,Otras petroleras,366.497,Cifras Definitivas
Balanza Comercial de Mercancías de México,Nacional,Exportaciones,2018,03,No Petroleras,37027.89,Cifras Definitivas
Balanza Comercial de Mercancías de México,Nacional,Exportaciones,2018,03,Agropecuarias,1779.657,Cifras Definitivas
Balanza Comercial de Mercancías de México,Nacional,Exportaciones,2018,03,Extractivas,619.944,Cifras Definitivas
Balanza Comercial de Mercancías de México,Nacional,Exportaciones,2018,03,Manufactureras,34628.289,Cifras Definitivas
Balanza Comercial de Mercancías de México,Nacional,Importaciones,2018,03,Importaciones Totales,37734.615,Cifras Definitivas
Balanza Comercial de Mercancías de México,Nacional,Importaciones,2018,03,Fletes y seguros de las importaciones,992.9108,Cifras Definitivas
Balanza Comercial de Mercancías de México,Nacional,Importaciones,2018,03,Importaciones Totales CIF (Importaciones Totales + Fletes y seguros de las importaciones),38727.5258,Cifras Definitivas
Balanza Comercial de Mercancías de México,Nacional,Importaciones,2018,03,Petroleras,4269.789,Cifras Definitivas
Balanza Comercial de Mercancías de México,Nacional,Importaciones,2018,03,No Petroleras,33464.826,Cifras Definitivas
Balanza Comercial de Mercancías de México,Nacional,Importaciones,2018,03,Bienes de Consumo,5020.551,Cifras Definitivas
Balanza Comercial de Mercancías de México,Nacional,Importaciones,2018,03,Bienes Intermedios,29331.5,Cifras Definitivas
Balanza Comercial de Mercancías de México,Nacional,Importaciones,2018,03,Bienes de Capital,3382.564,Cifras Definitivas
Balanza Comercial de Mercancías de México,Nacional,No aplica,2018,03,Balanza Comercial Total Exportaciones Totales - Importaciones Totales,1749.651,Cifras Definitivas
Balanza Comercial de Mercancías de México,Nacional,No aplica,2018,03,Balanza Comercial Total Exportaciones Totales - Importaciones Totales CIF,756.740200000003,Cifras Definitivas
Balanza Comercial de Mercancías de México,Nacional,Exportaciones,2018,04,Exportaciones Totales,37181.694,Cifras Definitivas
Balanza Comercial de Mercancías de México,Nacional,Exportaciones,2018,04,Petroleras,2626.302,Cifras Definitivas
Balanza Comercial de Mercancías de México,Nacional,Exportaciones,2018,04,Petróleo Crudo,2239.458,Cifras Definitivas
Balanza Comercial de Mercancías de México,Nacional,Exportaciones,2018,04,Otras petroleras,386.844,Cifras Definitivas
Balanza Comercial de Mercancías de México,Nacional,Exportaciones,2018,04,No Petroleras,34555.392,Cifras Definitivas
Balanza Comercial de Mercancías de México,Nacional,Exportaciones,2018,04,Agropecuarias,1575.225,Cifras Definitivas
Balanza Comercial de Mercancías de México,Nacional,Exportaciones,2018,04,Extractivas,588.982,Cifras Definitivas
Balanza Comercial de Mercancías de México,Nacional,Exportaciones,2018,04,Manufactureras,32391.186,Cifras Definitivas
Balanza Comercial de Mercancías de México,Nacional,Importaciones,2018,04,Importaciones Totales,37471.965,Cifras Definitivas
Balanza Comercial de Mercancías de México,Nacional,Importaciones,2018,04,Fletes y seguros de las importaciones,996.1558,Cifras Definitivas
Balanza Comercial de Mercancías de México,Nacional,Importaciones,2018,04,Importaciones Totales CIF (Importaciones Totales + Fletes y seguros de las importaciones),38468.1208,Cifras Definitivas
Balanza Comercial de Mercancías de México,Nacional,Importaciones,2018,04,Petroleras,4270.046,Cifras Definitivas
Balanza Comercial de Mercancías de México,Nacional,Importaciones,2018,04,No Petroleras,33201.919,Cifras Definitivas
Balanza Comercial de Mercancías de México,Nacional,Importaciones,2018,04,Bienes de Consumo,5079.763,Cifras Definitivas
Balanza Comercial de Mercancías de México,Nacional,Importaciones,2018,04,Bienes Intermedios,28673.457,Cifras Definitivas
Balanza Comercial de Mercancías de México,Nacional,Importaciones,2018,04,Bienes de Capital,3718.745,Cifras Definitivas
Balanza Comercial de Mercancías de México,Nacional,No aplica,2018,04,Balanza Comercial Total Exportaciones Totales - Importaciones Totales,-290.271,Cifras Definitivas
Balanza Comercial de Mercancías de México,Nacional,No aplica,2018,04,Balanza Comercial Total Exportaciones Totales - Importaciones Totales CIF,-1286.4268,Cifras Definitivas
Balanza Comercial de Mercancías de México,Nacional,Exportaciones,2018,05,Exportaciones Totales,39213.912,Cifras Definitivas
Balanza Comercial de Mercancías de México,Nacional,Exportaciones,2018,05,Petroleras,2827.055,Cifras Definitivas
Balanza Comercial de Mercancías de México,Nacional,Exportaciones,2018,05,Petróleo Crudo,2375.489,Cifras Definitivas
Balanza Comercial de Mercancías de México,Nacional,Exportaciones,2018,05,Otras petroleras,451.566,Cifras Definitivas
Balanza Comercial de Mercancías de México,Nacional,Exportaciones,2018,05,No Petroleras,36386.857,Cifras Definitivas
Balanza Comercial de Mercancías de México,Nacional,Exportaciones,2018,05,Agropecuarias,1588.618,Cifras Definitivas
Balanza Comercial de Mercancías de México,Nacional,Exportaciones,2018,05,Extractivas,546.431,Cifras Definitivas
Balanza Comercial de Mercancías de México,Nacional,Exportaciones,2018,05,Manufactureras,34251.809,Cifras Definitivas
Balanza Comercial de Mercancías de México,Nacional,Importaciones,2018,05,Importaciones Totales,40766.241,Cifras Definitivas
Balanza Comercial de Mercancías de México,Nacional,Importaciones,2018,05,Fletes y seguros de las importaciones,1094.923,Cifras Definitivas
Balanza Comercial de Mercancías de México,Nacional,Importaciones,2018,05,Importaciones Totales CIF (Importaciones Totales + Fletes y seguros de las importaciones),41861.164,Cifras Definitivas
Balanza Comercial de Mercancías de México,Nacional,Importaciones,2018,05,Petroleras,4457.744,Cifras Definitivas
Balanza Comercial de Mercancías de México,Nacional,Importaciones,2018,05,No Petroleras,36308.497,Cifras Definitivas
Balanza Comercial de Mercancías de México,Nacional,Importaciones,2018,05,Bienes de Consumo,5193.25,Cifras Definitivas
Balanza Comercial de Mercancías de México,Nacional,Importaciones,2018,05,Bienes Intermedios,31783.893,Cifras Definitivas
Balanza Comercial de Mercancías de México,Nacional,Importaciones,2018,05,Bienes de Capital,3789.098,Cifras Definitivas
Balanza Comercial de Mercancías de México,Nacional,No aplica,2018,05,Balanza Comercial Total Exportaciones Totales - Importaciones Totales,-1552.329,Cifras Definitivas
Balanza Comercial de Mercancías de México,Nacional,No aplica,2018,05,Balanza Comercial Total Exportaciones Totales - Importaciones Totales CIF,-2647.252,Cifras Definitivas
Balanza Comercial de Mercancías de México,Nacional,Exportaciones,2018,06,Exportaciones Totales,37483.508,Cifras Definitivas
Balanza Comercial de Mercancías de México,Nacional,Exportaciones,2018,06,Petroleras,2509.174,Cifras Definitivas
Balanza Comercial de Mercancías de México,Nacional,Exportaciones,2018,06,Petróleo Crudo,2150.299,Cifras Definitivas
Balanza Comercial de Mercancías de México,Nacional,Exportaciones,2018,06,Otras petroleras,358.875,Cifras Definitivas
Balanza Comercial de Mercancías de México,Nacional,Exportaciones,2018,06,No Petroleras,34974.334,Cifras Definitivas
Balanza Comercial de Mercancías de México,Nacional,Exportaciones,2018,06,Agropecuarias,1243.492,Cifras Definitivas
Balanza Comercial de Mercancías de México,Nacional,Exportaciones,2018,06,Extractivas,546.439,Cifras Definitivas
Balanza Comercial de Mercancías de México,Nacional,Exportaciones,2018,06,Manufactureras,33184.403,Cifras Definitivas
Balanza Comercial de Mercancías de México,Nacional,Importaciones,2018,06,Importaciones Totales,38383.337,Cifras Definitivas
Balanza Comercial de Mercancías de México,Nacional,Importaciones,2018,06,Fletes y seguros de las importaciones,1039.2883,Cifras Definitivas
Balanza Comercial de Mercancías de México,Nacional,Importaciones,2018,06,Importaciones Totales CIF (Importaciones Totales + Fletes y seguros de las importaciones),39422.6253,Cifras Definitivas
Balanza Comercial de Mercancías de México,Nacional,Importaciones,2018,06,Petroleras,4702.9,Cifras Definitivas
Balanza Comercial de Mercancías de México,Nacional,Importaciones,2018,06,No Petroleras,33680.436,Cifras Definitivas
Balanza Comercial de Mercancías de México,Nacional,Importaciones,2018,06,Bienes de Consumo,5082.945,Cifras Definitivas
Balanza Comercial de Mercancías de México,Nacional,Importaciones,2018,06,Bienes Intermedios,29491.153,Cifras Definitivas
Balanza Comercial de Mercancías de México,Nacional,Importaciones,2018,06,Bienes de Capital,3809.239,Cifras Definitivas
Balanza Comercial de Mercancías de México,Nacional,No aplica,2018,06,Balanza Comercial Total Exportaciones Totales - Importaciones Totales,-899.828,Cifras Definitivas
Balanza Comercial de Mercancías de México,Nacional,No aplica,2018,06,Balanza Comercial Total Exportaciones Totales - Importaciones Totales CIF,-1939.1173,Cifras Definitivas
Balanza Comercial de Mercancías de México,Nacional,Exportaciones,2018,07,Exportaciones Totales,36742.212,Cifras Definitivas
Balanza Comercial de Mercancías de México,Nacional,Exportaciones,2018,07,Petroleras,2606.474,Cifras Definitivas
Balanza Comercial de Mercancías de México,Nacional,Exportaciones,2018,07,Petróleo Crudo,2377.041,Cifras Definitivas
Balanza Comercial de Mercancías de México,Nacional,Exportaciones,2018,07,Otras petroleras,229.433,Cifras Definitivas
Balanza Comercial de Mercancías de México,Nacional,Exportaciones,2018,07,No Petroleras,34135.738,Cifras Definitivas
Balanza Comercial de Mercancías de México,Nacional,Exportaciones,2018,07,Agropecuarias,1052.821,Cifras Definitivas
Balanza Comercial de Mercancías de México,Nacional,Exportaciones,2018,07,Extractivas,512.943,Cifras Definitivas
Balanza Comercial de Mercancías de México,Nacional,Exportaciones,2018,07,Manufactureras,32569.974,Cifras Definitivas
Balanza Comercial de Mercancías de México,Nacional,Importaciones,2018,07,Importaciones Totales,39612.118,Cifras Definitivas
Balanza Comercial de Mercancías de México,Nacional,Importaciones,2018,07,Fletes y seguros de las importaciones,1085.526,Cifras Definitivas
Balanza Comercial de Mercancías de México,Nacional,Importaciones,2018,07,Importaciones Totales CIF (Importaciones Totales + Fletes y seguros de las importaciones),40697.644,Cifras Definitivas
Balanza Comercial de Mercancías de México,Nacional,Importaciones,2018,07,Petroleras,4913.584,Cifras Definitivas
Balanza Comercial de Mercancías de México,Nacional,Importaciones,2018,07,No Petroleras,34698.534,Cifras Definitivas
Balanza Comercial de Mercancías de México,Nacional,Importaciones,2018,07,Bienes de Consumo,5309.509,Cifras Definitivas
Balanza Comercial de Mercancías de México,Nacional,Importaciones,2018,07,Bienes Intermedios,30237.562,Cifras Definitivas
Balanza Comercial de Mercancías de México,Nacional,Importaciones,2018,07,Bienes de Capital,4065.047,Cifras Definitivas
Balanza Comercial de Mercancías de México,Nacional,No aplica,2018,07,Balanza Comercial Total Exportaciones Totales - Importaciones Totales,-2869.907,Cifras Definitivas
Balanza Comercial de Mercancías de México,Nacional,No aplica,2018,07,Balanza Comercial Total Exportaciones Totales - Importaciones Totales CIF,-3955.432,Cifras Definitivas
Balanza Comercial de Mercancías de México,Nacional,Exportaciones,2018,08,Exportaciones Totales,39545.208,Cifras Definitivas
Balanza Comercial de Mercancías de México,Nacional,Exportaciones,2018,08,Petroleras,2739.801,Cifras Definitivas
Balanza Comercial de Mercancías de México,Nacional,Exportaciones,2018,08,Petróleo Crudo,2348.925,Cifras Definitivas
Balanza Comercial de Mercancías de México,Nacional,Exportaciones,2018,08,Otras petroleras,390.877,Cifras Definitivas
Balanza Comercial de Mercancías de México,Nacional,Exportaciones,2018,08,No Petroleras,36805.406,Cifras Definitivas
Balanza Comercial de Mercancías de México,Nacional,Exportaciones,2018,08,Agropecuarias,1026.581,Cifras Definitivas
Balanza Comercial de Mercancías de México,Nacional,Exportaciones,2018,08,Extractivas,510.491,Cifras Definitivas
Balanza Comercial de Mercancías de México,Nacional,Exportaciones,2018,08,Manufactureras,35268.335,Cifras Definitivas
Balanza Comercial de Mercancías de México,Nacional,Importaciones,2018,08,Importaciones Totales,42129.496,Cifras Definitivas
Balanza Comercial de Mercancías de México,Nacional,Importaciones,2018,08,Fletes y seguros de las importaciones,1150.3131,Cifras Definitivas
Balanza Comercial de Mercancías de México,Nacional,Importaciones,2018,08,Importaciones Totales CIF (Importaciones Totales + Fletes y seguros de las importaciones),43279.8091,Cifras Definitivas
Balanza Comercial de Mercancías de México,Nacional,Importaciones,2018,08,Petroleras,4951.823,Cifras Definitivas
Balanza Comercial de Mercancías de México,Nacional,Importaciones,2018,08,No Petroleras,37177.673,Cifras Definitivas
Balanza Comercial de Mercancías de México,Nacional,Importaciones,2018,08,Bienes de Consumo,5973.666,Cifras Definitivas
Balanza Comercial de Mercancías de México,Nacional,Importaciones,2018,08,Bienes Intermedios,32032.102,Cifras Definitivas
Balanza Comercial de Mercancías de México,Nacional,Importaciones,2018,08,Bienes de Capital,4123.728,Cifras Definitivas
Balanza Comercial de Mercancías de México,Nacional,No aplica,2018,08,Balanza Comercial Total Exportaciones Totales - Importaciones Totales,-2584.288,Cifras Definitivas
Balanza Comercial de Mercancías de México,Nacional,No aplica,2018,08,Balanza Comercial Total Exportaciones Totales - Importaciones Totales CIF,-3734.6011,Cifras Definitivas
Balanza Comercial de Mercancías de México,Nacional,Exportaciones,2018,09,Exportaciones Totales,37700.602,Cifras Definitivas
Balanza Comercial de Mercancías de México,Nacional,Exportaciones,2018,09,Petroleras,2767.986,Cifras Definitivas
Balanza Comercial de Mercancías de México,Nacional,Exportaciones,2018,09,Petróleo Crudo,2469.393,Cifras Definitivas
Balanza Comercial de Mercancías de México,Nacional,Exportaciones,2018,09,Otras petroleras,298.593,Cifras Definitivas
Balanza Comercial de Mercancías de México,Nacional,Exportaciones,2018,09,No Petroleras,34932.616,Cifras Definitivas
Balanza Comercial de Mercancías de México,Nacional,Exportaciones,2018,09,Agropecuarias,901.412,Cifras Definitivas
Balanza Comercial de Mercancías de México,Nacional,Exportaciones,2018,09,Extractivas,522.103,Cifras Definitivas
Balanza Comercial de Mercancías de México,Nacional,Exportaciones,2018,09,Manufactureras,33509.101,Cifras Definitivas
Balanza Comercial de Mercancías de México,Nacional,Importaciones,2018,09,Importaciones Totales,38001.683,Cifras Definitivas
Balanza Comercial de Mercancías de México,Nacional,Importaciones,2018,09,Fletes y seguros de las importaciones,1036.4782,Cifras Definitivas
Balanza Comercial de Mercancías de México,Nacional,Importaciones,2018,09,Importaciones Totales CIF (Importaciones Totales + Fletes y seguros de las importaciones),39038.1612,Cifras Definitivas
Balanza Comercial de Mercancías de México,Nacional,Importaciones,2018,09,Petroleras,4274.237,Cifras Definitivas
Balanza Comercial de Mercancías de México,Nacional,Importaciones,2018,09,No Petroleras,33727.446,Cifras Definitivas
Balanza Comercial de Mercancías de México,Nacional,Importaciones,2018,09,Bienes de Consumo,5181.171,Cifras Definitivas
Balanza Comercial de Mercancías de México,Nacional,Importaciones,2018,09,Bienes Intermedios,29049.138,Cifras Definitivas
Balanza Comercial de Mercancías de México,Nacional,Importaciones,2018,09,Bienes de Capital,3771.374,Cifras Definitivas
Balanza Comercial de Mercancías de México,Nacional,No aplica,2018,09,Balanza Comercial Total Exportaciones Totales - Importaciones Totales,-301.08,Cifras Definitivas
Balanza Comercial de Mercancías de México,Nacional,No aplica,2018,09,Balanza Comercial Total Exportaciones Totales - Importaciones Totales CIF,-1337.5592,Cifras Definitivas
Balanza Comercial de Mercancías de México,Nacional,Exportaciones,2018,10,Exportaciones Totales,41356.07,Cifras Definitivas
Balanza Comercial de Mercancías de México,Nacional,Exportaciones,2018,10,Petroleras,2618.817,Cifras Definitivas
Balanza Comercial de Mercancías de México,Nacional,Exportaciones,2018,10,Petróleo Crudo,2268.704,Cifras Definitivas
Balanza Comercial de Mercancías de México,Nacional,Exportaciones,2018,10,Otras petroleras,350.113,Cifras Definitivas
Balanza Comercial de Mercancías de México,Nacional,Exportaciones,2018,10,No Petroleras,38737.253,Cifras Definitivas
Balanza Comercial de Mercancías de México,Nacional,Exportaciones,2018,10,Agropecuarias,1266.022,Cifras Definitivas
Balanza Comercial de Mercancías de México,Nacional,Exportaciones,2018,10,Extractivas,407.948,Cifras Definitivas
Balanza Comercial de Mercancías de México,Nacional,Exportaciones,2018,10,Manufactureras,37063.283,Cifras Definitivas
Balanza Comercial de Mercancías de México,Nacional,Importaciones,2018,10,Importaciones Totales,44290.891,Cifras Definitivas
Balanza Comercial de Mercancías de México,Nacional,Importaciones,2018,10,Fletes y seguros de las importaciones,1188.6323,Cifras Definitivas
Balanza Comercial de Mercancías de México,Nacional,Importaciones,2018,10,Importaciones Totales CIF (Importaciones Totales + Fletes y seguros de las importaciones),45479.5233,Cifras Definitivas
Balanza Comercial de Mercancías de México,Nacional,Importaciones,2018,10,Petroleras,5217.186,Cifras Definitivas
Balanza Comercial de Mercancías de México,Nacional,Importaciones,2018,10,No Petroleras,39073.704,Cifras Definitivas
Balanza Comercial de Mercancías de México,Nacional,Importaciones,2018,10,Bienes de Consumo,6327.837,Cifras Definitivas
Balanza Comercial de Mercancías de México,Nacional,Importaciones,2018,10,Bienes Intermedios,33498.065,Cifras Definitivas
Balanza Comercial de Mercancías de México,Nacional,Importaciones,2018,10,Bienes de Capital,4464.989,Cifras Definitivas
Balanza Comercial de Mercancías de México,Nacional,No aplica,2018,10,Balanza Comercial Total Exportaciones Totales - Importaciones Totales,-2934.821,Cifras Definitivas
Balanza Comercial de Mercancías de México,Nacional,No aplica,2018,10,Balanza Comercial Total Exportaciones Totales - Importaciones Totales CIF,-4123.4533,Cifras Definitivas
Balanza Comercial de Mercancías de México,Nacional,Exportaciones,2018,11,Exportaciones Totales,38595.389,Cifras Definitivas
Balanza Comercial de Mercancías de México,Nacional,Exportaciones,2018,11,Petroleras,2309.218,Cifras Definitivas
Balanza Comercial de Mercancías de México,Nacional,Exportaciones,2018,11,Petróleo Crudo,2021.305,Cifras Definitivas
Balanza Comercial de Mercancías de México,Nacional,Exportaciones,2018,11,Otras petroleras,287.913,Cifras Definitivas
Balanza Comercial de Mercancías de México,Nacional,Exportaciones,2018,11,No Petroleras,36286.17,Cifras Definitivas
Balanza Comercial de Mercancías de México,Nacional,Exportaciones,2018,11,Agropecuarias,1373.131,Cifras Definitivas
Balanza Comercial de Mercancías de México,Nacional,Exportaciones,2018,11,Extractivas,426.519,Cifras Definitivas
Balanza Comercial de Mercancías de México,Nacional,Exportaciones,2018,11,Manufactureras,34486.52,Cifras Definitivas
Balanza Comercial de Mercancías de México,Nacional,Importaciones,2018,11,Importaciones Totales,40928.716,Cifras Definitivas
Balanza Comercial de Mercancías de México,Nacional,Importaciones,2018,11,Fletes y seguros de las importaciones,1094.2444,Cifras Definitivas
Balanza Comercial de Mercancías de México,Nacional,Importaciones,2018,11,Importaciones Totales CIF (Importaciones Totales + Fletes y seguros de las importaciones),42022.9604,Cifras Definitivas
Balanza Comercial de Mercancías de México,Nacional,Importaciones,2018,11,Petroleras,4839.674,Cifras Definitivas
Balanza Comercial de Mercancías de México,Nacional,Importaciones,2018,11,No Petroleras,36089.042,Cifras Definitivas
Balanza Comercial de Mercancías de México,Nacional,Importaciones,2018,11,Bienes de Consumo,5645.302,Cifras Definitivas
Balanza Comercial de Mercancías de México,Nacional,Importaciones,2018,11,Bienes Intermedios,31432.994,Cifras Definitivas
Balanza Comercial de Mercancías de México,Nacional,Importaciones,2018,11,Bienes de Capital,3850.42,Cifras Definitivas
Balanza Comercial de Mercancías de México,Nacional,No aplica,2018,11,Balanza Comercial Total Exportaciones Totales - Importaciones Totales,-2333.327,Cifras Definitivas
Balanza Comercial de Mercancías de México,Nacional,No aplica,2018,11,Balanza Comercial Total Exportaciones Totales - Importaciones Totales CIF,-3427.5714,Cifras Definitivas
Balanza Comercial de Mercancías de México,Nacional,Exportaciones,2018,12,Exportaciones Totales,37597.547,Cifras Definitivas
Balanza Comercial de Mercancías de México,Nacional,Exportaciones,2018,12,Petroleras,2255.646,Cifras Definitivas
Balanza Comercial de Mercancías de México,Nacional,Exportaciones,2018,12,Petróleo Crudo,1920.708,Cifras Definitivas
Balanza Comercial de Mercancías de México,Nacional,Exportaciones,2018,12,Otras petroleras,334.938,Cifras Definitivas
Balanza Comercial de Mercancías de México,Nacional,Exportaciones,2018,12,No Petroleras,35341.901,Cifras Definitivas
Balanza Comercial de Mercancías de México,Nacional,Exportaciones,2018,12,Agropecuarias,1572.024,Cifras Definitivas
Balanza Comercial de Mercancías de México,Nacional,Exportaciones,2018,12,Extractivas,555.145,Cifras Definitivas
Balanza Comercial de Mercancías de México,Nacional,Exportaciones,2018,12,Manufactureras,33214.731,Cifras Definitivas
Balanza Comercial de Mercancías de México,Nacional,Importaciones,2018,12,Importaciones Totales,35692.967,Cifras Definitivas
Balanza Comercial de Mercancías de México,Nacional,Importaciones,2018,12,Fletes y seguros de las importaciones,976.2248,Cifras Definitivas
Balanza Comercial de Mercancías de México,Nacional,Importaciones,2018,12,Importaciones Totales CIF (Importaciones Totales + Fletes y seguros de las importaciones),36669.1918,Cifras Definitivas
Balanza Comercial de Mercancías de México,Nacional,Importaciones,2018,12,Petroleras,4058.73,Cifras Definitivas
Balanza Comercial de Mercancías de México,Nacional,Importaciones,2018,12,No Petroleras,31634.237,Cifras Definitivas
Balanza Comercial de Mercancías de México,Nacional,Importaciones,2018,12,Bienes de Consumo,4799.104,Cifras Definitivas
Balanza Comercial de Mercancías de México,Nacional,Importaciones,2018,12,Bienes Intermedios,27380.444,Cifras Definitivas
Balanza Comercial de Mercancías de México,Nacional,Importaciones,2018,12,Bienes de Capital,3513.419,Cifras Definitivas
Balanza Comercial de Mercancías de México,Nacional,No aplica,2018,12,Balanza Comercial Total Exportaciones Totales - Importaciones Totales,1904.58,Cifras Definitivas
Balanza Comercial de Mercancías de México,Nacional,No aplica,2018,12,Balanza Comercial Total Exportaciones Totales - Importaciones Totales CIF,928.355200000003,Cifras Definitivas
Balanza Comercial de Mercancías de México,Nacional,Exportaciones,2019,01,Exportaciones Totales,32637.22,Cifras Definitivas
Balanza Comercial de Mercancías de México,Nacional,Exportaciones,2019,01,Petroleras,2091.873,Cifras Definitivas
Balanza Comercial de Mercancías de México,Nacional,Exportaciones,2019,01,Petróleo Crudo,1785.811,Cifras Definitivas
Balanza Comercial de Mercancías de México,Nacional,Exportaciones,2019,01,Otras petroleras,306.063,Cifras Definitivas
Balanza Comercial de Mercancías de México,Nacional,Exportaciones,2019,01,No Petroleras,30545.346,Cifras Definitivas
Balanza Comercial de Mercancías de México,Nacional,Exportaciones,2019,01,Agropecuarias,1633.947,Cifras Definitivas
Balanza Comercial de Mercancías de México,Nacional,Exportaciones,2019,01,Extractivas,361.874,Cifras Definitivas
Balanza Comercial de Mercancías de México,Nacional,Exportaciones,2019,01,Manufactureras,28549.525,Cifras Definitivas
Balanza Comercial de Mercancías de México,Nacional,Importaciones,2019,01,Importaciones Totales,37262.788,Cifras Definitivas
Balanza Comercial de Mercancías de México,Nacional,Importaciones,2019,01,Fletes y seguros de las importaciones,1032.9603,Cifras Definitivas
Balanza Comercial de Mercancías de México,Nacional,Importaciones,2019,01,Importaciones Totales CIF (Importaciones Totales + Fletes y seguros de las importaciones),38295.7483,Cifras Definitivas
Balanza Comercial de Mercancías de México,Nacional,Importaciones,2019,01,Petroleras,4131.126,Cifras Definitivas
Balanza Comercial de Mercancías de México,Nacional,Importaciones,2019,01,No Petroleras,33131.662,Cifras Definitivas
Balanza Comercial de Mercancías de México,Nacional,Importaciones,2019,01,Bienes de Consumo,4819.657,Cifras Definitivas
Balanza Comercial de Mercancías de México,Nacional,Importaciones,2019,01,Bienes Intermedios,28626.06,Cifras Definitivas
Balanza Comercial de Mercancías de México,Nacional,Importaciones,2019,01,Bienes de Capital,3817.071,Cifras Definitivas
Balanza Comercial de Mercancías de México,Nacional,No aplica,2019,01,Balanza Comercial Total Exportaciones Totales - Importaciones Totales,-4625.568,Cifras Definitivas
Balanza Comercial de Mercancías de México,Nacional,No aplica,2019,01,Balanza Comercial Total Exportaciones Totales - Importaciones Totales CIF,-5658.5283,Cifras Definitivas
Balanza Comercial de Mercancías de México,Nacional,Exportaciones,2019,02,Exportaciones Totales,36437.807,Cifras Definitivas
Balanza Comercial de Mercancías de México,Nacional,Exportaciones,2019,02,Petroleras,2609.35,Cifras Definitivas
Balanza Comercial de Mercancías de México,Nacional,Exportaciones,2019,02,Petróleo Crudo,2347.014,Cifras Definitivas
Balanza Comercial de Mercancías de México,Nacional,Exportaciones,2019,02,Otras petroleras,262.336,Cifras Definitivas
Balanza Comercial de Mercancías de México,Nacional,Exportaciones,2019,02,No Petroleras,33828.457,Cifras Definitivas
Balanza Comercial de Mercancías de México,Nacional,Exportaciones,2019,02,Agropecuarias,1589.172,Cifras Definitivas
Balanza Comercial de Mercancías de México,Nacional,Exportaciones,2019,02,Extractivas,515.203,Cifras Definitivas
Balanza Comercial de Mercancías de México,Nacional,Exportaciones,2019,02,Manufactureras,31724.082,Cifras Definitivas
Balanza Comercial de Mercancías de México,Nacional,Importaciones,2019,02,Importaciones Totales,35073.897,Cifras Definitivas
Balanza Comercial de Mercancías de México,Nacional,Importaciones,2019,02,Fletes y seguros de las importaciones,939.2147,Cifras Definitivas
Balanza Comercial de Mercancías de México,Nacional,Importaciones,2019,02,Importaciones Totales CIF (Importaciones Totales + Fletes y seguros de las importaciones),36013.1117,Cifras Definitivas
Balanza Comercial de Mercancías de México,Nacional,Importaciones,2019,02,Petroleras,3558.721,Cifras Definitivas
Balanza Comercial de Mercancías de México,Nacional,Importaciones,2019,02,No Petroleras,31515.176,Cifras Definitivas
Balanza Comercial de Mercancías de México,Nacional,Importaciones,2019,02,Bienes de Consumo,4328.798,Cifras Definitivas
Balanza Comercial de Mercancías de México,Nacional,Importaciones,2019,02,Bienes Intermedios,27615.104,Cifras Definitivas
Balanza Comercial de Mercancías de México,Nacional,Importaciones,2019,02,Bienes de Capital,3129.995,Cifras Definitivas
Balanza Comercial de Mercancías de México,Nacional,No aplica,2019,02,Balanza Comercial Total Exportaciones Totales - Importaciones Totales,1363.91,Cifras Definitivas
Balanza Comercial de Mercancías de México,Nacional,No aplica,2019,02,Balanza Comercial Total Exportaciones Totales - Importaciones Totales CIF,424.695299999997,Cifras Definitivas
Balanza Comercial de Mercancías de México,Nacional,Exportaciones,2019,03,Exportaciones Totales,39018.828,Cifras Definitivas
Balanza Comercial de Mercancías de México,Nacional,Exportaciones,2019,03,Petroleras,2343.538,Cifras Definitivas
Balanza Comercial de Mercancías de México,Nacional,Exportaciones,2019,03,Petróleo Crudo,2103.096,Cifras Definitivas
Balanza Comercial de Mercancías de México,Nacional,Exportaciones,2019,03,Otras petroleras,240.442,Cifras Definitivas
Balanza Comercial de Mercancías de México,Nacional,Exportaciones,2019,03,No Petroleras,36675.289,Cifras Definitivas
Balanza Comercial de Mercancías de México,Nacional,Exportaciones,2019,03,Agropecuarias,1740.871,Cifras Definitivas
Balanza Comercial de Mercancías de México,Nacional,Exportaciones,2019,03,Extractivas,591.528,Cifras Definitivas
Balanza Comercial de Mercancías de México,Nacional,Exportaciones,2019,03,Manufactureras,34342.89,Cifras Definitivas
Balanza Comercial de Mercancías de México,Nacional,Importaciones,2019,03,Importaciones Totales,37530.886,Cifras Definitivas
Balanza Comercial de Mercancías de México,Nacional,Importaciones,2019,03,Fletes y seguros de las importaciones,987.3304,Cifras Definitivas
Balanza Comercial de Mercancías de México,Nacional,Importaciones,2019,03,Importaciones Totales CIF (Importaciones Totales + Fletes y seguros de las importaciones),38518.2164,Cifras Definitivas
Balanza Comercial de Mercancías de México,Nacional,Importaciones,2019,03,Petroleras,4048.212,Cifras Definitivas
Balanza Comercial de Mercancías de México,Nacional,Importaciones,2019,03,No Petroleras,33482.674,Cifras Definitivas
Balanza Comercial de Mercancías de México,Nacional,Importaciones,2019,03,Bienes de Consumo,4789.398,Cifras Definitivas
Balanza Comercial de Mercancías de México,Nacional,Importaciones,2019,03,Bienes Intermedios,29359.667,Cifras Definitivas
Balanza Comercial de Mercancías de México,Nacional,Importaciones,2019,03,Bienes de Capital,3381.822,Cifras Definitivas
Balanza Comercial de Mercancías de México,Nacional,No aplica,2019,03,Balanza Comercial Total Exportaciones Totales - Importaciones Totales,1487.941,Cifras Definitivas
Balanza Comercial de Mercancías de México,Nacional,No aplica,2019,03,Balanza Comercial Total Exportaciones Totales - Importaciones Totales CIF,500.611600000001,Cifras Definitivas
Balanza Comercial de Mercancías de México,Nacional,Exportaciones,2019,04,Exportaciones Totales,39586.47,Cifras Definitivas
Balanza Comercial de Mercancías de México,Nacional,Exportaciones,2019,04,Petroleras,2258.808,Cifras Definitivas
Balanza Comercial de Mercancías de México,Nacional,Exportaciones,2019,04,Petróleo Crudo,1899.384,Cifras Definitivas
Balanza Comercial de Mercancías de México,Nacional,Exportaciones,2019,04,Otras petroleras,359.424,Cifras Definitivas
Balanza Comercial de Mercancías de México,Nacional,Exportaciones,2019,04,No Petroleras,37327.662,Cifras Definitivas
Balanza Comercial de Mercancías de México,Nacional,Exportaciones,2019,04,Agropecuarias,1921.29,Cifras Definitivas
Balanza Comercial de Mercancías de México,Nacional,Exportaciones,2019,04,Extractivas,461.212,Cifras Definitivas
Balanza Comercial de Mercancías de México,Nacional,Exportaciones,2019,04,Manufactureras,34945.16,Cifras Definitivas
Balanza Comercial de Mercancías de México,Nacional,Importaciones,2019,04,Importaciones Totales,38076.401,Cifras Definitivas
Balanza Comercial de Mercancías de México,Nacional,Importaciones,2019,04,Fletes y seguros de las importaciones,991.1032,Cifras Definitivas
Balanza Comercial de Mercancías de México,Nacional,Importaciones,2019,04,Importaciones Totales CIF (Importaciones Totales + Fletes y seguros de las importaciones),39067.5042,Cifras Definitivas
Balanza Comercial de Mercancías de México,Nacional,Importaciones,2019,04,Petroleras,4333.297,Cifras Definitivas
Balanza Comercial de Mercancías de México,Nacional,Importaciones,2019,04,No Petroleras,33743.104,Cifras Definitivas
Balanza Comercial de Mercancías de México,Nacional,Importaciones,2019,04,Bienes de Consumo,5223.995,Cifras Definitivas
Balanza Comercial de Mercancías de México,Nacional,Importaciones,2019,04,Bienes Intermedios,29508.986,Cifras Definitivas
Balanza Comercial de Mercancías de México,Nacional,Importaciones,2019,04,Bienes de Capital,3343.42,Cifras Definitivas
Balanza Comercial de Mercancías de México,Nacional,No aplica,2019,04,Balanza Comercial Total Exportaciones Totales - Importaciones Totales,1510.069,Cifras Definitivas
Balanza Comercial de Mercancías de México,Nacional,No aplica,2019,04,Balanza Comercial Total Exportaciones Totales - Importaciones Totales CIF,518.965799999997,Cifras Definitivas
Balanza Comercial de Mercancías de México,Nacional,Exportaciones,2019,05,Exportaciones Totales,41749.996,Cifras Definitivas
Balanza Comercial de Mercancías de México,Nacional,Exportaciones,2019,05,Petroleras,2569.872,Cifras Definitivas
Balanza Comercial de Mercancías de México,Nacional,Exportaciones,2019,05,Petróleo Crudo,2252.49,Cifras Definitivas
Balanza Comercial de Mercancías de México,Nacional,Exportaciones,2019,05,Otras petroleras,317.382,Cifras Definitivas
Balanza Comercial de Mercancías de México,Nacional,Exportaciones,2019,05,No Petroleras,39180.124,Cifras Definitivas
Balanza Comercial de Mercancías de México,Nacional,Exportaciones,2019,05,Agropecuarias,1617.544,Cifras Definitivas
Balanza Comercial de Mercancías de México,Nacional,Exportaciones,2019,05,Extractivas,587.4,Cifras Definitivas
Balanza Comercial de Mercancías de México,Nacional,Exportaciones,2019,05,Manufactureras,36975.18,Cifras Definitivas
Balanza Comercial de Mercancías de México,Nacional,Importaciones,2019,05,Importaciones Totales,40792.86,Cifras Definitivas
Balanza Comercial de Mercancías de México,Nacional,Importaciones,2019,05,Fletes y seguros de las importaciones,1049.0504,Cifras Definitivas
Balanza Comercial de Mercancías de México,Nacional,Importaciones,2019,05,Importaciones Totales CIF (Importaciones Totales + Fletes y seguros de las importaciones),41841.9104,Cifras Definitivas
Balanza Comercial de Mercancías de México,Nacional,Importaciones,2019,05,Petroleras,4566.273,Cifras Definitivas
Balanza Comercial de Mercancías de México,Nacional,Importaciones,2019,05,No Petroleras,36226.587,Cifras Definitivas
Balanza Comercial de Mercancías de México,Nacional,Importaciones,2019,05,Bienes de Consumo,5250.628,Cifras Definitivas
Balanza Comercial de Mercancías de México,Nacional,Importaciones,2019,05,Bienes Intermedios,31928.237,Cifras Definitivas
Balanza Comercial de Mercancías de México,Nacional,Importaciones,2019,05,Bienes de Capital,3613.996,Cifras Definitivas
Balanza Comercial de Mercancías de México,Nacional,No aplica,2019,05,Balanza Comercial Total Exportaciones Totales - Importaciones Totales,957.135,Cifras Definitivas
Balanza Comercial de Mercancías de México,Nacional,No aplica,2019,05,Balanza Comercial Total Exportaciones Totales - Importaciones Totales CIF,-91.9143999999985,Cifras Definitivas
Balanza Comercial de Mercancías de México,Nacional,Exportaciones,2019,06,Exportaciones Totales,37924.986,Cifras Definitivas
Balanza Comercial de Mercancías de México,Nacional,Exportaciones,2019,06,Petroleras,1953.591,Cifras Definitivas
Balanza Comercial de Mercancías de México,Nacional,Exportaciones,2019,06,Petróleo Crudo,1696.898,Cifras Definitivas
Balanza Comercial de Mercancías de México,Nacional,Exportaciones,2019,06,Otras petroleras,256.692,Cifras Definitivas
Balanza Comercial de Mercancías de México,Nacional,Exportaciones,2019,06,No Petroleras,35971.395,Cifras Definitivas
Balanza Comercial de Mercancías de México,Nacional,Exportaciones,2019,06,Agropecuarias,1320.27,Cifras Definitivas
Balanza Comercial de Mercancías de México,Nacional,Exportaciones,2019,06,Extractivas,506.369,Cifras Definitivas
Balanza Comercial de Mercancías de México,Nacional,Exportaciones,2019,06,Manufactureras,34144.756,Cifras Definitivas
Balanza Comercial de Mercancías de México,Nacional,Importaciones,2019,06,Importaciones Totales,35382.744,Cifras Definitivas
Balanza Comercial de Mercancías de México,Nacional,Importaciones,2019,06,Fletes y seguros de las importaciones,919.4988,Cifras Definitivas
Balanza Comercial de Mercancías de México,Nacional,Importaciones,2019,06,Importaciones Totales CIF (Importaciones Totales + Fletes y seguros de las importaciones),36302.2428,Cifras Definitivas
Balanza Comercial de Mercancías de México,Nacional,Importaciones,2019,06,Petroleras,3829.691,Cifras Definitivas
Balanza Comercial de Mercancías de México,Nacional,Importaciones,2019,06,No Petroleras,31553.052,Cifras Definitivas
Balanza Comercial de Mercancías de México,Nacional,Importaciones,2019,06,Bienes de Consumo,4723.013,Cifras Definitivas
Balanza Comercial de Mercancías de México,Nacional,Importaciones,2019,06,Bienes Intermedios,27694.006,Cifras Definitivas
Balanza Comercial de Mercancías de México,Nacional,Importaciones,2019,06,Bienes de Capital,2965.725,Cifras Definitivas
Balanza Comercial de Mercancías de México,Nacional,No aplica,2019,06,Balanza Comercial Total Exportaciones Totales - Importaciones Totales,2542.242,Cifras Definitivas
Balanza Comercial de Mercancías de México,Nacional,No aplica,2019,06,Balanza Comercial Total Exportaciones Totales - Importaciones Totales CIF,1622.7432,Cifras Definitivas
Balanza Comercial de Mercancías de México,Nacional,Exportaciones,2019,07,Exportaciones Totales,39115.793,Cifras Definitivas
Balanza Comercial de Mercancías de México,Nacional,Exportaciones,2019,07,Petroleras,2212.224,Cifras Definitivas
Balanza Comercial de Mercancías de México,Nacional,Exportaciones,2019,07,Petróleo Crudo,1932.456,Cifras Definitivas
Balanza Comercial de Mercancías de México,Nacional,Exportaciones,2019,07,Otras petroleras,279.768,Cifras Definitivas
Balanza Comercial de Mercancías de México,Nacional,Exportaciones,2019,07,No Petroleras,36903.569,Cifras Definitivas
Balanza Comercial de Mercancías de México,Nacional,Exportaciones,2019,07,Agropecuarias,1235.952,Cifras Definitivas
Balanza Comercial de Mercancías de México,Nacional,Exportaciones,2019,07,Extractivas,547.507,Cifras Definitivas
Balanza Comercial de Mercancías de México,Nacional,Exportaciones,2019,07,Manufactureras,35120.109,Cifras Definitivas
Balanza Comercial de Mercancías de México,Nacional,Importaciones,2019,07,Importaciones Totales,40406.335,Cifras Definitivas
Balanza Comercial de Mercancías de México,Nacional,Importaciones,2019,07,Fletes y seguros de las importaciones,1050.161,Cifras Definitivas
Balanza Comercial de Mercancías de México,Nacional,Importaciones,2019,07,Importaciones Totales CIF (Importaciones Totales + Fletes y seguros de las importaciones),41456.496,Cifras Definitivas
Balanza Comercial de Mercancías de México,Nacional,Importaciones,2019,07,Petroleras,4085.68,Cifras Definitivas
Balanza Comercial de Mercancías de México,Nacional,Importaciones,2019,07,No Petroleras,36320.655,Cifras Definitivas
Balanza Comercial de Mercancías de México,Nacional,Importaciones,2019,07,Bienes de Consumo,5271.854,Cifras Definitivas
Balanza Comercial de Mercancías de México,Nacional,Importaciones,2019,07,Bienes Intermedios,31757.498,Cifras Definitivas
Balanza Comercial de Mercancías de México,Nacional,Importaciones,2019,07,Bienes de Capital,3376.983,Cifras Definitivas
Balanza Comercial de Mercancías de México,Nacional,No aplica,2019,07,Balanza Comercial Total Exportaciones Totales - Importaciones Totales,-1290.542,Cifras Definitivas
Balanza Comercial de Mercancías de México,Nacional,No aplica,2019,07,Balanza Comercial Total Exportaciones Totales - Importaciones Totales CIF,-2340.703,Cifras Definitivas
Balanza Comercial de Mercancías de México,Nacional,Exportaciones,2019,08,Exportaciones Totales,40051.141,Cifras Definitivas
Balanza Comercial de Mercancías de México,Nacional,Exportaciones,2019,08,Petroleras,1914.221,Cifras Definitivas
Balanza Comercial de Mercancías de México,Nacional,Exportaciones,2019,08,Petróleo Crudo,1659.633,Cifras Definitivas
Balanza Comercial de Mercancías de México,Nacional,Exportaciones,2019,08,Otras petroleras,254.588,Cifras Definitivas
Balanza Comercial de Mercancías de México,Nacional,Exportaciones,2019,08,No Petroleras,38136.92,Cifras Definitivas
Balanza Comercial de Mercancías de México,Nacional,Exportaciones,2019,08,Agropecuarias,1062.392,Cifras Definitivas
Balanza Comercial de Mercancías de México,Nacional,Exportaciones,2019,08,Extractivas,517.392,Cifras Definitivas
Balanza Comercial de Mercancías de México,Nacional,Exportaciones,2019,08,Manufactureras,36557.136,Cifras Definitivas
Balanza Comercial de Mercancías de México,Nacional,Importaciones,2019,08,Importaciones Totales,39648.433,Cifras Definitivas
Balanza Comercial de Mercancías de México,Nacional,Importaciones,2019,08,Fletes y seguros de las importaciones,1034.4171,Cifras Definitivas
Balanza Comercial de Mercancías de México,Nacional,Importaciones,2019,08,Importaciones Totales CIF (Importaciones Totales + Fletes y seguros de las importaciones),40682.8501,Cifras Definitivas
Balanza Comercial de Mercancías de México,Nacional,Importaciones,2019,08,Petroleras,3833.721,Cifras Definitivas
Balanza Comercial de Mercancías de México,Nacional,Importaciones,2019,08,No Petroleras,35814.712,Cifras Definitivas
Balanza Comercial de Mercancías de México,Nacional,Importaciones,2019,08,Bienes de Consumo,5264.319,Cifras Definitivas
Balanza Comercial de Mercancías de México,Nacional,Importaciones,2019,08,Bienes Intermedios,30845.507,Cifras Definitivas
Balanza Comercial de Mercancías de México,Nacional,Importaciones,2019,08,Bienes de Capital,3538.607,Cifras Definitivas
Balanza Comercial de Mercancías de México,Nacional,No aplica,2019,08,Balanza Comercial Total Exportaciones Totales - Importaciones Totales,402.708,Cifras Definitivas
Balanza Comercial de Mercancías de México,Nacional,No aplica,2019,08,Balanza Comercial Total Exportaciones Totales - Importaciones Totales CIF,-631.709100000001,Cifras Definitivas
Balanza Comercial de Mercancías de México,Nacional,Exportaciones,2019,09,Exportaciones Totales,37180.583,Cifras Definitivas
Balanza Comercial de Mercancías de México,Nacional,Exportaciones,2019,09,Petroleras,1896.686,Cifras Definitivas
Balanza Comercial de Mercancías de México,Nacional,Exportaciones,2019,09,Petróleo Crudo,1644.125,Cifras Definitivas
Balanza Comercial de Mercancías de México,Nacional,Exportaciones,2019,09,Otras petroleras,252.561,Cifras Definitivas
Balanza Comercial de Mercancías de México,Nacional,Exportaciones,2019,09,No Petroleras,35283.897,Cifras Definitivas
Balanza Comercial de Mercancías de México,Nacional,Exportaciones,2019,09,Agropecuarias,1033.857,Cifras Definitivas
Balanza Comercial de Mercancías de México,Nacional,Exportaciones,2019,09,Extractivas,469.343,Cifras Definitivas
Balanza Comercial de Mercancías de México,Nacional,Exportaciones,2019,09,Manufactureras,33780.697,Cifras Definitivas
Balanza Comercial de Mercancías de México,Nacional,Importaciones,2019,09,Importaciones Totales,37332.184,Cifras Definitivas
Balanza Comercial de Mercancías de México,Nacional,Importaciones,2019,09,Fletes y seguros de las importaciones,968.7483,Cifras Definitivas
Balanza Comercial de Mercancías de México,Nacional,Importaciones,2019,09,Importaciones Totales CIF (Importaciones Totales + Fletes y seguros de las importaciones),38300.9323,Cifras Definitivas
Balanza Comercial de Mercancías de México,Nacional,Importaciones,2019,09,Petroleras,3515,Cifras Definitivas
Balanza Comercial de Mercancías de México,Nacional,Importaciones,2019,09,No Petroleras,33817.184,Cifras Definitivas
Balanza Comercial de Mercancías de México,Nacional,Importaciones,2019,09,Bienes de Consumo,4981.751,Cifras Definitivas
Balanza Comercial de Mercancías de México,Nacional,Importaciones,2019,09,Bienes Intermedios,29096.416,Cifras Definitivas
Balanza Comercial de Mercancías de México,Nacional,Importaciones,2019,09,Bienes de Capital,3254.017,Cifras Definitivas
Balanza Comercial de Mercancías de México,Nacional,No aplica,2019,09,Balanza Comercial Total Exportaciones Totales - Importaciones Totales,-151.601,Cifras Definitivas
Balanza Comercial de Mercancías de México,Nacional,No aplica,2019,09,Balanza Comercial Total Exportaciones Totales - Importaciones Totales CIF,-1120.3493,Cifras Definitivas
Balanza Comercial de Mercancías de México,Nacional,Exportaciones,2019,10,Exportaciones Totales,40762.123,Cifras Definitivas
Balanza Comercial de Mercancías de México,Nacional,Exportaciones,2019,10,Petroleras,1839.838,Cifras Definitivas
Balanza Comercial de Mercancías de México,Nacional,Exportaciones,2019,10,Petróleo Crudo,1510.513,Cifras Definitivas
Balanza Comercial de Mercancías de México,Nacional,Exportaciones,2019,10,Otras petroleras,329.325,Cifras Definitivas
Balanza Comercial de Mercancías de México,Nacional,Exportaciones,2019,10,No Petroleras,38922.286,Cifras Definitivas
Balanza Comercial de Mercancías de México,Nacional,Exportaciones,2019,10,Agropecuarias,1373.775,Cifras Definitivas
Balanza Comercial de Mercancías de México,Nacional,Exportaciones,2019,10,Extractivas,524.946,Cifras Definitivas
Balanza Comercial de Mercancías de México,Nacional,Exportaciones,2019,10,Manufactureras,37023.564,Cifras Definitivas
Balanza Comercial de Mercancías de México,Nacional,Importaciones,2019,10,Importaciones Totales,41449.532,Cifras Definitivas
Balanza Comercial de Mercancías de México,Nacional,Importaciones,2019,10,Fletes y seguros de las importaciones,1062.9073,Cifras Definitivas
Balanza Comercial de Mercancías de México,Nacional,Importaciones,2019,10,Importaciones Totales CIF (Importaciones Totales + Fletes y seguros de las importaciones),42512.4393,Cifras Definitivas
Balanza Comercial de Mercancías de México,Nacional,Importaciones,2019,10,Petroleras,4066.523,Cifras Definitivas
Balanza Comercial de Mercancías de México,Nacional,Importaciones,2019,10,No Petroleras,37383.009,Cifras Definitivas
Balanza Comercial de Mercancías de México,Nacional,Importaciones,2019,10,Bienes de Consumo,6174.785,Cifras Definitivas
Balanza Comercial de Mercancías de México,Nacional,Importaciones,2019,10,Bienes Intermedios,31390.532,Cifras Definitivas
Balanza Comercial de Mercancías de México,Nacional,Importaciones,2019,10,Bienes de Capital,3884.214,Cifras Definitivas
Balanza Comercial de Mercancías de México,Nacional,No aplica,2019,10,Balanza Comercial Total Exportaciones Totales - Importaciones Totales,-687.408,Cifras Definitivas
Balanza Comercial de Mercancías de México,Nacional,No aplica,2019,10,Balanza Comercial Total Exportaciones Totales - Importaciones Totales CIF,-1750.3163,Cifras Definitivas
Balanza Comercial de Mercancías de México,Nacional,Exportaciones,2019,11,Exportaciones Totales,37484.491,Cifras Definitivas
Balanza Comercial de Mercancías de México,Nacional,Exportaciones,2019,11,Petroleras,1864.357,Cifras Definitivas
Balanza Comercial de Mercancías de México,Nacional,Exportaciones,2019,11,Petróleo Crudo,1706.113,Cifras Definitivas
Balanza Comercial de Mercancías de México,Nacional,Exportaciones,2019,11,Otras petroleras,158.244,Cifras Definitivas
Balanza Comercial de Mercancías de México,Nacional,Exportaciones,2019,11,No Petroleras,35620.134,Cifras Definitivas
Balanza Comercial de Mercancías de México,Nacional,Exportaciones,2019,11,Agropecuarias,1548.214,Cifras Definitivas
Balanza Comercial de Mercancías de México,Nacional,Exportaciones,2019,11,Extractivas,519.337,Cifras Definitivas
Balanza Comercial de Mercancías de México,Nacional,Exportaciones,2019,11,Manufactureras,33552.583,Cifras Definitivas
Balanza Comercial de Mercancías de México,Nacional,Importaciones,2019,11,Importaciones Totales,36697.66,Cifras Definitivas
Balanza Comercial de Mercancías de México,Nacional,Importaciones,2019,11,Fletes y seguros de las importaciones,935.2114,Cifras Definitivas
Balanza Comercial de Mercancías de México,Nacional,Importaciones,2019,11,Importaciones Totales CIF (Importaciones Totales + Fletes y seguros de las importaciones),37632.8714,Cifras Definitivas
Balanza Comercial de Mercancías de México,Nacional,Importaciones,2019,11,Petroleras,3574,Cifras Definitivas
Balanza Comercial de Mercancías de México,Nacional,Importaciones,2019,11,No Petroleras,33123.66,Cifras Definitivas
Balanza Comercial de Mercancías de México,Nacional,Importaciones,2019,11,Bienes de Consumo,5335.148,Cifras Definitivas
Balanza Comercial de Mercancías de México,Nacional,Importaciones,2019,11,Bienes Intermedios,27925.695,Cifras Definitivas
Balanza Comercial de Mercancías de México,Nacional,Importaciones,2019,11,Bienes de Capital,3436.817,Cifras Definitivas
Balanza Comercial de Mercancías de México,Nacional,No aplica,2019,11,Balanza Comercial Total Exportaciones Totales - Importaciones Totales,786.831,Cifras Definitivas
Balanza Comercial de Mercancías de México,Nacional,No aplica,2019,11,Balanza Comercial Total Exportaciones Totales - Importaciones Totales CIF,-148.380399999999,Cifras Definitivas
Balanza Comercial de Mercancías de México,Nacional,Exportaciones,2019,12,Exportaciones Totales,38654.441,Cifras Definitivas
Balanza Comercial de Mercancías de México,Nacional,Exportaciones,2019,12,Petroleras,2239.707,Cifras Definitivas
Balanza Comercial de Mercancías de México,Nacional,Exportaciones,2019,12,Petróleo Crudo,1823.831,Cifras Definitivas
Balanza Comercial de Mercancías de México,Nacional,Exportaciones,2019,12,Otras petroleras,415.875,Cifras Definitivas
Balanza Comercial de Mercancías de México,Nacional,Exportaciones,2019,12,No Petroleras,36414.734,Cifras Definitivas
Balanza Comercial de Mercancías de México,Nacional,Exportaciones,2019,12,Agropecuarias,1755.044,Cifras Definitivas
Balanza Comercial de Mercancías de México,Nacional,Exportaciones,2019,12,Extractivas,586.716,Cifras Definitivas
Balanza Comercial de Mercancías de México,Nacional,Exportaciones,2019,12,Manufactureras,34072.974,Cifras Definitivas
Balanza Comercial de Mercancías de México,Nacional,Importaciones,2019,12,Importaciones Totales,35587.869,Cifras Definitivas
Balanza Comercial de Mercancías de México,Nacional,Importaciones,2019,12,Fletes y seguros de las importaciones,905.605,Cifras Definitivas
Balanza Comercial de Mercancías de México,Nacional,Importaciones,2019,12,Importaciones Totales CIF (Importaciones Totales + Fletes y seguros de las importaciones),36493.474,Cifras Definitivas
Balanza Comercial de Mercancías de México,Nacional,Importaciones,2019,12,Petroleras,3664.597,Cifras Definitivas
Balanza Comercial de Mercancías de México,Nacional,Importaciones,2019,12,No Petroleras,31923.272,Cifras Definitivas
Balanza Comercial de Mercancías de México,Nacional,Importaciones,2019,12,Bienes de Consumo,4995.07,Cifras Definitivas
Balanza Comercial de Mercancías de México,Nacional,Importaciones,2019,12,Bienes Intermedios,27099.704,Cifras Definitivas
Balanza Comercial de Mercancías de México,Nacional,Importaciones,2019,12,Bienes de Capital,3493.095,Cifras Definitivas
Balanza Comercial de Mercancías de México,Nacional,No aplica,2019,12,Balanza Comercial Total Exportaciones Totales - Importaciones Totales,3066.572,Cifras Definitivas
Balanza Comercial de Mercancías de México,Nacional,No aplica,2019,12,Balanza Comercial Total Exportaciones Totales - Importaciones Totales CIF,2160.967,Cifras Definitivas
Balanza Comercial de Mercancías de México,Nacional,Exportaciones,2020,01,Exportaciones Totales,33580.843,Cifras Definitivas
Balanza Comercial de Mercancías de México,Nacional,Exportaciones,2020,01,Petroleras,2207.843,Cifras Definitivas
Balanza Comercial de Mercancías de México,Nacional,Exportaciones,2020,01,Petróleo Crudo,1904.727,Cifras Definitivas
Balanza Comercial de Mercancías de México,Nacional,Exportaciones,2020,01,Otras petroleras,303.117,Cifras Definitivas
Balanza Comercial de Mercancías de México,Nacional,Exportaciones,2020,01,No Petroleras,31372.999,Cifras Definitivas
Balanza Comercial de Mercancías de México,Nacional,Exportaciones,2020,01,Agropecuarias,1793.773,Cifras Definitivas
Balanza Comercial de Mercancías de México,Nacional,Exportaciones,2020,01,Extractivas,478.722,Cifras Definitivas
Balanza Comercial de Mercancías de México,Nacional,Exportaciones,2020,01,Manufactureras,29100.505,Cifras Definitivas
Balanza Comercial de Mercancías de México,Nacional,Importaciones,2020,01,Importaciones Totales,36062,Cifras Definitivas
Balanza Comercial de Mercancías de México,Nacional,Importaciones,2020,01,Fletes y seguros de las importaciones,986.4446,Cifras Definitivas
Balanza Comercial de Mercancías de México,Nacional,Importaciones,2020,01,Importaciones Totales CIF (Importaciones Totales + Fletes y seguros de las importaciones),37048.4446,Cifras Definitivas
Balanza Comercial de Mercancías de México,Nacional,Importaciones,2020,01,Petroleras,4116.198,Cifras Definitivas
Balanza Comercial de Mercancías de México,Nacional,Importaciones,2020,01,No Petroleras,31945.802,Cifras Definitivas
Balanza Comercial de Mercancías de México,Nacional,Importaciones,2020,01,Bienes de Consumo,5146.781,Cifras Definitivas
Balanza Comercial de Mercancías de México,Nacional,Importaciones,2020,01,Bienes Intermedios,27618.799,Cifras Definitivas
Balanza Comercial de Mercancías de México,Nacional,Importaciones,2020,01,Bienes de Capital,3296.42,Cifras Definitivas
Balanza Comercial de Mercancías de México,Nacional,No aplica,2020,01,Balanza Comercial Total Exportaciones Totales - Importaciones Totales,-2481.157,Cifras Definitivas
Balanza Comercial de Mercancías de México,Nacional,No aplica,2020,01,Balanza Comercial Total Exportaciones Totales - Importaciones Totales CIF,-3467.6016,Cifras Definitivas
Balanza Comercial de Mercancías de México,Nacional,Exportaciones,2020,02,Exportaciones Totales,36433.717,Cifras Definitivas
Balanza Comercial de Mercancías de México,Nacional,Exportaciones,2020,02,Petroleras,1494.771,Cifras Definitivas
Balanza Comercial de Mercancías de México,Nacional,Exportaciones,2020,02,Petróleo Crudo,1276.192,Cifras Definitivas
Balanza Comercial de Mercancías de México,Nacional,Exportaciones,2020,02,Otras petroleras,218.579,Cifras Definitivas
Balanza Comercial de Mercancías de México,Nacional,Exportaciones,2020,02,No Petroleras,34938.946,Cifras Definitivas
Balanza Comercial de Mercancías de México,Nacional,Exportaciones,2020,02,Agropecuarias,1701.191,Cifras Definitivas
Balanza Comercial de Mercancías de México,Nacional,Exportaciones,2020,02,Extractivas,513.092,Cifras Definitivas
Balanza Comercial de Mercancías de México,Nacional,Exportaciones,2020,02,Manufactureras,32724.664,Cifras Definitivas
Balanza Comercial de Mercancías de México,Nacional,Importaciones,2020,02,Importaciones Totales,33715.379,Cifras Definitivas
Balanza Comercial de Mercancías de México,Nacional,Importaciones,2020,02,Fletes y seguros de las importaciones,880.5419,Cifras Definitivas
Balanza Comercial de Mercancías de México,Nacional,Importaciones,2020,02,Importaciones Totales CIF (Importaciones Totales + Fletes y seguros de las importaciones),34595.9209,Cifras Definitivas
Balanza Comercial de Mercancías de México,Nacional,Importaciones,2020,02,Petroleras,3249.591,Cifras Definitivas
Balanza Comercial de Mercancías de México,Nacional,Importaciones,2020,02,No Petroleras,30465.788,Cifras Definitivas
Balanza Comercial de Mercancías de México,Nacional,Importaciones,2020,02,Bienes de Consumo,4344.425,Cifras Definitivas
Balanza Comercial de Mercancías de México,Nacional,Importaciones,2020,02,Bienes Intermedios,26609.103,Cifras Definitivas
Balanza Comercial de Mercancías de México,Nacional,Importaciones,2020,02,Bienes de Capital,2761.851,Cifras Definitivas
Balanza Comercial de Mercancías de México,Nacional,No aplica,2020,02,Balanza Comercial Total Exportaciones Totales - Importaciones Totales,2718.338,Cifras Definitivas
Balanza Comercial de Mercancías de México,Nacional,No aplica,2020,02,Balanza Comercial Total Exportaciones Totales - Importaciones Totales CIF,1837.7961,Cifras Definitivas
Balanza Comercial de Mercancías de México,Nacional,Exportaciones,2020,03,Exportaciones Totales,38310.269,Cifras Definitivas
Balanza Comercial de Mercancías de México,Nacional,Exportaciones,2020,03,Petroleras,1228.233,Cifras Definitivas
Balanza Comercial de Mercancías de México,Nacional,Exportaciones,2020,03,Petróleo Crudo,1009.946,Cifras Definitivas
Balanza Comercial de Mercancías de México,Nacional,Exportaciones,2020,03,Otras petroleras,218.287,Cifras Definitivas
Balanza Comercial de Mercancías de México,Nacional,Exportaciones,2020,03,No Petroleras,37082.035,Cifras Definitivas
Balanza Comercial de Mercancías de México,Nacional,Exportaciones,2020,03,Agropecuarias,2061.851,Cifras Definitivas
Balanza Comercial de Mercancías de México,Nacional,Exportaciones,2020,03,Extractivas,705.608,Cifras Definitivas
Balanza Comercial de Mercancías de México,Nacional,Exportaciones,2020,03,Manufactureras,34314.576,Cifras Definitivas
Balanza Comercial de Mercancías de México,Nacional,Importaciones,2020,03,Importaciones Totales,34995.932,Cifras Definitivas
Balanza Comercial de Mercancías de México,Nacional,Importaciones,2020,03,Fletes y seguros de las importaciones,892.0976,Cifras Definitivas
Balanza Comercial de Mercancías de México,Nacional,Importaciones,2020,03,Importaciones Totales CIF (Importaciones Totales + Fletes y seguros de las importaciones),35888.0296,Cifras Definitivas
Balanza Comercial de Mercancías de México,Nacional,Importaciones,2020,03,Petroleras,3215.886,Cifras Definitivas
Balanza Comercial de Mercancías de México,Nacional,Importaciones,2020,03,No Petroleras,31780.046,Cifras Definitivas
Balanza Comercial de Mercancías de México,Nacional,Importaciones,2020,03,Bienes de Consumo,4236.273,Cifras Definitivas
Balanza Comercial de Mercancías de México,Nacional,Importaciones,2020,03,Bienes Intermedios,28027.358,Cifras Definitivas
Balanza Comercial de Mercancías de México,Nacional,Importaciones,2020,03,Bienes de Capital,2732.301,Cifras Definitivas
Balanza Comercial de Mercancías de México,Nacional,No aplica,2020,03,Balanza Comercial Total Exportaciones Totales - Importaciones Totales,3314.337,Cifras Definitivas
Balanza Comercial de Mercancías de México,Nacional,No aplica,2020,03,Balanza Comercial Total Exportaciones Totales - Importaciones Totales CIF,2422.2394,Cifras Definitivas
Balanza Comercial de Mercancías de México,Nacional,Exportaciones,2020,04,Exportaciones Totales,23222.658,Cifras Definitivas
Balanza Comercial de Mercancías de México,Nacional,Exportaciones,2020,04,Petroleras,861.024,Cifras Definitivas
Balanza Comercial de Mercancías de México,Nacional,Exportaciones,2020,04,Petróleo Crudo,604.581,Cifras Definitivas
Balanza Comercial de Mercancías de México,Nacional,Exportaciones,2020,04,Otras petroleras,256.443,Cifras Definitivas
Balanza Comercial de Mercancías de México,Nacional,Exportaciones,2020,04,No Petroleras,22361.634,Cifras Definitivas
Balanza Comercial de Mercancías de México,Nacional,Exportaciones,2020,04,Agropecuarias,1534.237,Cifras Definitivas
Balanza Comercial de Mercancías de México,Nacional,Exportaciones,2020,04,Extractivas,553.229,Cifras Definitivas
Balanza Comercial de Mercancías de México,Nacional,Exportaciones,2020,04,Manufactureras,20274.169,Cifras Definitivas
Balanza Comercial de Mercancías de México,Nacional,Importaciones,2020,04,Importaciones Totales,26457.052,Cifras Definitivas
Balanza Comercial de Mercancías de México,Nacional,Importaciones,2020,04,Fletes y seguros de las importaciones,779.8885,Cifras Definitivas
Balanza Comercial de Mercancías de México,Nacional,Importaciones,2020,04,Importaciones Totales CIF (Importaciones Totales + Fletes y seguros de las importaciones),27236.9405,Cifras Definitivas
Balanza Comercial de Mercancías de México,Nacional,Importaciones,2020,04,Petroleras,2036.748,Cifras Definitivas
Balanza Comercial de Mercancías de México,Nacional,Importaciones,2020,04,No Petroleras,24420.304,Cifras Definitivas
Balanza Comercial de Mercancías de México,Nacional,Importaciones,2020,04,Bienes de Consumo,2794.391,Cifras Definitivas
Balanza Comercial de Mercancías de México,Nacional,Importaciones,2020,04,Bienes Intermedios,21245.736,Cifras Definitivas
Balanza Comercial de Mercancías de México,Nacional,Importaciones,2020,04,Bienes de Capital,2416.926,Cifras Definitivas
Balanza Comercial de Mercancías de México,Nacional,No aplica,2020,04,Balanza Comercial Total Exportaciones Totales - Importaciones Totales,-3234.394,Cifras Definitivas
Balanza Comercial de Mercancías de México,Nacional,No aplica,2020,04,Balanza Comercial Total Exportaciones Totales - Importaciones Totales CIF,-4014.2825,Cifras Definitivas
Balanza Comercial de Mercancías de México,Nacional,Exportaciones,2020,05,Exportaciones Totales,18116.042,Cifras Definitivas
Balanza Comercial de Mercancías de México,Nacional,Exportaciones,2020,05,Petroleras,955.076,Cifras Definitivas
Balanza Comercial de Mercancías de México,Nacional,Exportaciones,2020,05,Petróleo Crudo,746.05,Cifras Definitivas
Balanza Comercial de Mercancías de México,Nacional,Exportaciones,2020,05,Otras petroleras,209.026,Cifras Definitivas
Balanza Comercial de Mercancías de México,Nacional,Exportaciones,2020,05,No Petroleras,17160.966,Cifras Definitivas
Balanza Comercial de Mercancías de México,Nacional,Exportaciones,2020,05,Agropecuarias,1514.141,Cifras Definitivas
Balanza Comercial de Mercancías de México,Nacional,Exportaciones,2020,05,Extractivas,396.084,Cifras Definitivas
Balanza Comercial de Mercancías de México,Nacional,Exportaciones,2020,05,Manufactureras,15250.741,Cifras Definitivas
Balanza Comercial de Mercancías de México,Nacional,Importaciones,2020,05,Importaciones Totales,21578.337,Cifras Definitivas
Balanza Comercial de Mercancías de México,Nacional,Importaciones,2020,05,Fletes y seguros de las importaciones,655.9812,Cifras Definitivas
Balanza Comercial de Mercancías de México,Nacional,Importaciones,2020,05,Importaciones Totales CIF (Importaciones Totales + Fletes y seguros de las importaciones),22234.3182,Cifras Definitivas
Balanza Comercial de Mercancías de México,Nacional,Importaciones,2020,05,Petroleras,1399.341,Cifras Definitivas
Balanza Comercial de Mercancías de México,Nacional,Importaciones,2020,05,No Petroleras,20178.996,Cifras Definitivas
Balanza Comercial de Mercancías de México,Nacional,Importaciones,2020,05,Bienes de Consumo,2316.894,Cifras Definitivas
Balanza Comercial de Mercancías de México,Nacional,Importaciones,2020,05,Bienes Intermedios,17036.848,Cifras Definitivas
Balanza Comercial de Mercancías de México,Nacional,Importaciones,2020,05,Bienes de Capital,2224.595,Cifras Definitivas
Balanza Comercial de Mercancías de México,Nacional,No aplica,2020,05,Balanza Comercial Total Exportaciones Totales - Importaciones Totales,-3462.295,Cifras Definitivas
Balanza Comercial de Mercancías de México,Nacional,No aplica,2020,05,Balanza Comercial Total Exportaciones Totales - Importaciones Totales CIF,-4118.2762,Cifras Definitivas
Balanza Comercial de Mercancías de México,Nacional,Exportaciones,2020,06,Exportaciones Totales,33047.725,Cifras Definitivas
Balanza Comercial de Mercancías de México,Nacional,Exportaciones,2020,06,Petroleras,1288.372,Cifras Definitivas
Balanza Comercial de Mercancías de México,Nacional,Exportaciones,2020,06,Petróleo Crudo,1130.01,Cifras Definitivas
Balanza Comercial de Mercancías de México,Nacional,Exportaciones,2020,06,Otras petroleras,158.362,Cifras Definitivas
Balanza Comercial de Mercancías de México,Nacional,Exportaciones,2020,06,No Petroleras,31759.353,Cifras Definitivas
Balanza Comercial de Mercancías de México,Nacional,Exportaciones,2020,06,Agropecuarias,1704.464,Cifras Definitivas
Balanza Comercial de Mercancías de México,Nacional,Exportaciones,2020,06,Extractivas,553.413,Cifras Definitivas
Balanza Comercial de Mercancías de México,Nacional,Exportaciones,2020,06,Manufactureras,29501.475,Cifras Definitivas
Balanza Comercial de Mercancías de México,Nacional,Importaciones,2020,06,Importaciones Totales,27512.168,Cifras Definitivas
Balanza Comercial de Mercancías de México,Nacional,Importaciones,2020,06,Fletes y seguros de las importaciones,718.7291,Cifras Definitivas
Balanza Comercial de Mercancías de México,Nacional,Importaciones,2020,06,Importaciones Totales CIF (Importaciones Totales + Fletes y seguros de las importaciones),28230.8971,Cifras Definitivas
Balanza Comercial de Mercancías de México,Nacional,Importaciones,2020,06,Petroleras,1707.226,Cifras Definitivas
Balanza Comercial de Mercancías de México,Nacional,Importaciones,2020,06,No Petroleras,25804.942,Cifras Definitivas
Balanza Comercial de Mercancías de México,Nacional,Importaciones,2020,06,Bienes de Consumo,2662.535,Cifras Definitivas
Balanza Comercial de Mercancías de México,Nacional,Importaciones,2020,06,Bienes Intermedios,22240.777,Cifras Definitivas
Balanza Comercial de Mercancías de México,Nacional,Importaciones,2020,06,Bienes de Capital,2608.856,Cifras Definitivas
Balanza Comercial de Mercancías de México,Nacional,No aplica,2020,06,Balanza Comercial Total Exportaciones Totales - Importaciones Totales,5535.557,Cifras Definitivas
Balanza Comercial de Mercancías de México,Nacional,No aplica,2020,06,Balanza Comercial Total Exportaciones Totales - Importaciones Totales CIF,4816.8279,Cifras Definitivas
Balanza Comercial de Mercancías de México,Nacional,Exportaciones,2020,07,Exportaciones Totales,35499.49,Cifras Definitivas
Balanza Comercial de Mercancías de México,Nacional,Exportaciones,2020,07,Petroleras,1408.826,Cifras Definitivas
Balanza Comercial de Mercancías de México,Nacional,Exportaciones,2020,07,Petróleo Crudo,1190.851,Cifras Definitivas
Balanza Comercial de Mercancías de México,Nacional,Exportaciones,2020,07,Otras petroleras,217.975,Cifras Definitivas
Balanza Comercial de Mercancías de México,Nacional,Exportaciones,2020,07,No Petroleras,34090.664,Cifras Definitivas
Balanza Comercial de Mercancías de México,Nacional,Exportaciones,2020,07,Agropecuarias,1050.3,Cifras Definitivas
Balanza Comercial de Mercancías de México,Nacional,Exportaciones,2020,07,Extractivas,567.493,Cifras Definitivas
Balanza Comercial de Mercancías de México,Nacional,Exportaciones,2020,07,Manufactureras,32472.872,Cifras Definitivas
Balanza Comercial de Mercancías de México,Nacional,Importaciones,2020,07,Importaciones Totales,29844.448,Cifras Definitivas
Balanza Comercial de Mercancías de México,Nacional,Importaciones,2020,07,Fletes y seguros de las importaciones,777.091,Cifras Definitivas
Balanza Comercial de Mercancías de México,Nacional,Importaciones,2020,07,Importaciones Totales CIF (Importaciones Totales + Fletes y seguros de las importaciones),30621.539,Cifras Definitivas
Balanza Comercial de Mercancías de México,Nacional,Importaciones,2020,07,Petroleras,2273.541,Cifras Definitivas
Balanza Comercial de Mercancías de México,Nacional,Importaciones,2020,07,No Petroleras,27570.907,Cifras Definitivas
Balanza Comercial de Mercancías de México,Nacional,Importaciones,2020,07,Bienes de Consumo,3361.013,Cifras Definitivas
Balanza Comercial de Mercancías de México,Nacional,Importaciones,2020,07,Bienes Intermedios,23799.805,Cifras Definitivas
Balanza Comercial de Mercancías de México,Nacional,Importaciones,2020,07,Bienes de Capital,2683.63,Cifras Definitivas
Balanza Comercial de Mercancías de México,Nacional,No aplica,2020,07,Balanza Comercial Total Exportaciones Totales - Importaciones Totales,5655.042,Cifras Definitivas
Balanza Comercial de Mercancías de México,Nacional,No aplica,2020,07,Balanza Comercial Total Exportaciones Totales - Importaciones Totales CIF,4877.951,Cifras Definitivas
Balanza Comercial de Mercancías de México,Nacional,Exportaciones,2020,08,Exportaciones Totales,37001.121,Cifras Definitivas
Balanza Comercial de Mercancías de México,Nacional,Exportaciones,2020,08,Petroleras,1680.402,Cifras Definitivas
Balanza Comercial de Mercancías de México,Nacional,Exportaciones,2020,08,Petróleo Crudo,1442.603,Cifras Definitivas
Balanza Comercial de Mercancías de México,Nacional,Exportaciones,2020,08,Otras petroleras,237.799,Cifras Definitivas
Balanza Comercial de Mercancías de México,Nacional,Exportaciones,2020,08,No Petroleras,35320.719,Cifras Definitivas
Balanza Comercial de Mercancías de México,Nacional,Exportaciones,2020,08,Agropecuarias,1061.901,Cifras Definitivas
Balanza Comercial de Mercancías de México,Nacional,Exportaciones,2020,08,Extractivas,733.363,Cifras Definitivas
Balanza Comercial de Mercancías de México,Nacional,Exportaciones,2020,08,Manufactureras,33525.455,Cifras Definitivas
Balanza Comercial de Mercancías de México,Nacional,Importaciones,2020,08,Importaciones Totales,30845.723,Cifras Definitivas
Balanza Comercial de Mercancías de México,Nacional,Importaciones,2020,08,Fletes y seguros de las importaciones,802.6521,Cifras Definitivas
Balanza Comercial de Mercancías de México,Nacional,Importaciones,2020,08,Importaciones Totales CIF (Importaciones Totales + Fletes y seguros de las importaciones),31648.3751,Cifras Definitivas
Balanza Comercial de Mercancías de México,Nacional,Importaciones,2020,08,Petroleras,2375.965,Cifras Definitivas
Balanza Comercial de Mercancías de México,Nacional,Importaciones,2020,08,No Petroleras,28469.759,Cifras Definitivas
Balanza Comercial de Mercancías de México,Nacional,Importaciones,2020,08,Bienes de Consumo,3714.439,Cifras Definitivas
Balanza Comercial de Mercancías de México,Nacional,Importaciones,2020,08,Bienes Intermedios,24551.436,Cifras Definitivas
Balanza Comercial de Mercancías de México,Nacional,Importaciones,2020,08,Bienes de Capital,2579.849,Cifras Definitivas
Balanza Comercial de Mercancías de México,Nacional,No aplica,2020,08,Balanza Comercial Total Exportaciones Totales - Importaciones Totales,6155.397,Cifras Definitivas
Balanza Comercial de Mercancías de México,Nacional,No aplica,2020,08,Balanza Comercial Total Exportaciones Totales - Importaciones Totales CIF,5352.7459,Cifras Definitivas
Balanza Comercial de Mercancías de México,Nacional,Exportaciones,2020,09,Exportaciones Totales,38539.74,Cifras Definitivas
Balanza Comercial de Mercancías de México,Nacional,Exportaciones,2020,09,Petroleras,1484.384,Cifras Definitivas
Balanza Comercial de Mercancías de México,Nacional,Exportaciones,2020,09,Petróleo Crudo,1175.344,Cifras Definitivas
Balanza Comercial de Mercancías de México,Nacional,Exportaciones,2020,09,Otras petroleras,309.04,Cifras Definitivas
Balanza Comercial de Mercancías de México,Nacional,Exportaciones,2020,09,No Petroleras,37055.356,Cifras Definitivas
Balanza Comercial de Mercancías de México,Nacional,Exportaciones,2020,09,Agropecuarias,1234.468,Cifras Definitivas
Balanza Comercial de Mercancías de México,Nacional,Exportaciones,2020,09,Extractivas,588.376,Cifras Definitivas
Balanza Comercial de Mercancías de México,Nacional,Exportaciones,2020,09,Manufactureras,35232.513,Cifras Definitivas
Balanza Comercial de Mercancías de México,Nacional,Importaciones,2020,09,Importaciones Totales,34142.602,Cifras Definitivas
Balanza Comercial de Mercancías de México,Nacional,Importaciones,2020,09,Fletes y seguros de las importaciones,891.2579,Cifras Definitivas
Balanza Comercial de Mercancías de México,Nacional,Importaciones,2020,09,Importaciones Totales CIF (Importaciones Totales + Fletes y seguros de las importaciones),35033.8599,Cifras Definitivas
Balanza Comercial de Mercancías de México,Nacional,Importaciones,2020,09,Petroleras,2551.983,Cifras Definitivas
Balanza Comercial de Mercancías de México,Nacional,Importaciones,2020,09,No Petroleras,31590.619,Cifras Definitivas
Balanza Comercial de Mercancías de México,Nacional,Importaciones,2020,09,Bienes de Consumo,4036.534,Cifras Definitivas
Balanza Comercial de Mercancías de México,Nacional,Importaciones,2020,09,Bienes Intermedios,27374.211,Cifras Definitivas
Balanza Comercial de Mercancías de México,Nacional,Importaciones,2020,09,Bienes de Capital,2731.857,Cifras Definitivas
Balanza Comercial de Mercancías de México,Nacional,No aplica,2020,09,Balanza Comercial Total Exportaciones Totales - Importaciones Totales,4397.138,Cifras Definitivas
Balanza Comercial de Mercancías de México,Nacional,No aplica,2020,09,Balanza Comercial Total Exportaciones Totales - Importaciones Totales CIF,3505.8801,Cifras Definitivas
Balanza Comercial de Mercancías de México,Nacional,Exportaciones,2020,10,Exportaciones Totales,41950.815,Cifras Definitivas
Balanza Comercial de Mercancías de México,Nacional,Exportaciones,2020,10,Petroleras,1345.93,Cifras Definitivas
Balanza Comercial de Mercancías de México,Nacional,Exportaciones,2020,10,Petróleo Crudo,1095.661,Cifras Definitivas
Balanza Comercial de Mercancías de México,Nacional,Exportaciones,2020,10,Otras petroleras,250.268,Cifras Definitivas
Balanza Comercial de Mercancías de México,Nacional,Exportaciones,2020,10,No Petroleras,40604.885,Cifras Definitivas
Balanza Comercial de Mercancías de México,Nacional,Exportaciones,2020,10,Agropecuarias,1418.269,Cifras Definitivas
Balanza Comercial de Mercancías de México,Nacional,Exportaciones,2020,10,Extractivas,873.324,Cifras Definitivas
Balanza Comercial de Mercancías de México,Nacional,Exportaciones,2020,10,Manufactureras,38313.291,Cifras Definitivas
Balanza Comercial de Mercancías de México,Nacional,Importaciones,2020,10,Importaciones Totales,35694.81,Cifras Definitivas
Balanza Comercial de Mercancías de México,Nacional,Importaciones,2020,10,Fletes y seguros de las importaciones,946.2768,Cifras Definitivas
Balanza Comercial de Mercancías de México,Nacional,Importaciones,2020,10,Importaciones Totales CIF (Importaciones Totales + Fletes y seguros de las importaciones),36641.0868,Cifras Definitivas
Balanza Comercial de Mercancías de México,Nacional,Importaciones,2020,10,Petroleras,2707.894,Cifras Definitivas
Balanza Comercial de Mercancías de México,Nacional,Importaciones,2020,10,No Petroleras,32986.916,Cifras Definitivas
Balanza Comercial de Mercancías de México,Nacional,Importaciones,2020,10,Bienes de Consumo,4296.336,Cifras Definitivas
Balanza Comercial de Mercancías de México,Nacional,Importaciones,2020,10,Bienes Intermedios,28492.157,Cifras Definitivas
Balanza Comercial de Mercancías de México,Nacional,Importaciones,2020,10,Bienes de Capital,2906.317,Cifras Definitivas
Balanza Comercial de Mercancías de México,Nacional,No aplica,2020,10,Balanza Comercial Total Exportaciones Totales - Importaciones Totales,6256.004,Cifras Definitivas
Balanza Comercial de Mercancías de México,Nacional,No aplica,2020,10,Balanza Comercial Total Exportaciones Totales - Importaciones Totales CIF,5309.7282,Cifras Definitivas
Balanza Comercial de Mercancías de México,Nacional,Exportaciones,2020,11,Exportaciones Totales,38313.68,Cifras Definitivas
Balanza Comercial de Mercancías de México,Nacional,Exportaciones,2020,11,Petroleras,1623.112,Cifras Definitivas
Balanza Comercial de Mercancías de México,Nacional,Exportaciones,2020,11,Petróleo Crudo,1452.619,Cifras Definitivas
Balanza Comercial de Mercancías de México,Nacional,Exportaciones,2020,11,Otras petroleras,170.493,Cifras Definitivas
Balanza Comercial de Mercancías de México,Nacional,Exportaciones,2020,11,No Petroleras,36690.568,Cifras Definitivas
Balanza Comercial de Mercancías de México,Nacional,Exportaciones,2020,11,Agropecuarias,1492.355,Cifras Definitivas
Balanza Comercial de Mercancías de México,Nacional,Exportaciones,2020,11,Extractivas,764.283,Cifras Definitivas
Balanza Comercial de Mercancías de México,Nacional,Exportaciones,2020,11,Manufactureras,34433.929,Cifras Definitivas
Balanza Comercial de Mercancías de México,Nacional,Importaciones,2020,11,Importaciones Totales,35257.525,Cifras Definitivas
Balanza Comercial de Mercancías de México,Nacional,Importaciones,2020,11,Fletes y seguros de las importaciones,938.5272,Cifras Definitivas
Balanza Comercial de Mercancías de México,Nacional,Importaciones,2020,11,Importaciones Totales CIF (Importaciones Totales + Fletes y seguros de las importaciones),36196.0522,Cifras Definitivas
Balanza Comercial de Mercancías de México,Nacional,Importaciones,2020,11,Petroleras,2565.539,Cifras Definitivas
Balanza Comercial de Mercancías de México,Nacional,Importaciones,2020,11,No Petroleras,32691.986,Cifras Definitivas
Balanza Comercial de Mercancías de México,Nacional,Importaciones,2020,11,Bienes de Consumo,4421.119,Cifras Definitivas
Balanza Comercial de Mercancías de México,Nacional,Importaciones,2020,11,Bienes Intermedios,27810.576,Cifras Definitivas
Balanza Comercial de Mercancías de México,Nacional,Importaciones,2020,11,Bienes de Capital,3025.83,Cifras Definitivas
Balanza Comercial de Mercancías de México,Nacional,No aplica,2020,11,Balanza Comercial Total Exportaciones Totales - Importaciones Totales,3056.155,Cifras Definitivas
Balanza Comercial de Mercancías de México,Nacional,No aplica,2020,11,Balanza Comercial Total Exportaciones Totales - Importaciones Totales CIF,2117.6278,Cifras Definitivas
Balanza Comercial de Mercancías de México,Nacional,Exportaciones,2020,12,Exportaciones Totales,43154.635,Cifras Definitivas
Balanza Comercial de Mercancías de México,Nacional,Exportaciones,2020,12,Petroleras,2077.293,Cifras Definitivas
Balanza Comercial de Mercancías de México,Nacional,Exportaciones,2020,12,Petróleo Crudo,1826.433,Cifras Definitivas
Balanza Comercial de Mercancías de México,Nacional,Exportaciones,2020,12,Otras petroleras,250.86,Cifras Definitivas
Balanza Comercial de Mercancías de México,Nacional,Exportaciones,2020,12,No Petroleras,41077.343,Cifras Definitivas
Balanza Comercial de Mercancías de México,Nacional,Exportaciones,2020,12,Agropecuarias,1717.637,Cifras Definitivas
Balanza Comercial de Mercancías de México,Nacional,Exportaciones,2020,12,Extractivas,680.497,Cifras Definitivas
Balanza Comercial de Mercancías de México,Nacional,Exportaciones,2020,12,Manufactureras,38679.208,Cifras Definitivas
Balanza Comercial de Mercancías de México,Nacional,Importaciones,2020,12,Importaciones Totales,36879.948,Cifras Definitivas
Balanza Comercial de Mercancías de México,Nacional,Importaciones,2020,12,Fletes y seguros de las importaciones,1022.8009,Cifras Definitivas
Balanza Comercial de Mercancías de México,Nacional,Importaciones,2020,12,Importaciones Totales CIF (Importaciones Totales + Fletes y seguros de las importaciones),37902.7489,Cifras Definitivas
Balanza Comercial de Mercancías de México,Nacional,Importaciones,2020,12,Petroleras,3208.093,Cifras Definitivas
Balanza Comercial de Mercancías de México,Nacional,Importaciones,2020,12,No Petroleras,33671.855,Cifras Definitivas
Balanza Comercial de Mercancías de México,Nacional,Importaciones,2020,12,Bienes de Consumo,4649.027,Cifras Definitivas
Balanza Comercial de Mercancías de México,Nacional,Importaciones,2020,12,Bienes Intermedios,28926.435,Cifras Definitivas
Balanza Comercial de Mercancías de México,Nacional,Importaciones,2020,12,Bienes de Capital,3304.486,Cifras Definitivas
Balanza Comercial de Mercancías de México,Nacional,No aplica,2020,12,Balanza Comercial Total Exportaciones Totales - Importaciones Totales,6274.687,Cifras Definitivas
Balanza Comercial de Mercancías de México,Nacional,No aplica,2020,12,Balanza Comercial Total Exportaciones Totales - Importaciones Totales CIF,5251.8861,Cifras Definitivas
Balanza Comercial de Mercancías de México,Nacional,Exportaciones,2021,01,Exportaciones Totales,32716.091,Cifras Definitivas
Balanza Comercial de Mercancías de México,Nacional,Exportaciones,2021,01,Petroleras,1824.796,Cifras Definitivas
Balanza Comercial de Mercancías de México,Nacional,Exportaciones,2021,01,Petróleo Crudo,1589.292,Cifras Definitivas
Balanza Comercial de Mercancías de México,Nacional,Exportaciones,2021,01,Otras petroleras,235.505,Cifras Definitivas
Balanza Comercial de Mercancías de México,Nacional,Exportaciones,2021,01,No Petroleras,30891.295,Cifras Definitivas
Balanza Comercial de Mercancías de México,Nacional,Exportaciones,2021,01,Agropecuarias,1548.423,Cifras Definitivas
Balanza Comercial de Mercancías de México,Nacional,Exportaciones,2021,01,Extractivas,692.833,Cifras Definitivas
Balanza Comercial de Mercancías de México,Nacional,Exportaciones,2021,01,Manufactureras,28650.039,Cifras Definitivas
Balanza Comercial de Mercancías de México,Nacional,Importaciones,2021,01,Importaciones Totales,33910.702,Cifras Definitivas
Balanza Comercial de Mercancías de México,Nacional,Importaciones,2021,01,Fletes y seguros de las importaciones,1069.23,Cifras Definitivas
Balanza Comercial de Mercancías de México,Nacional,Importaciones,2021,01,Importaciones Totales CIF (Importaciones Totales + Fletes y seguros de las importaciones),34979.932,Cifras Definitivas
Balanza Comercial de Mercancías de México,Nacional,Importaciones,2021,01,Petroleras,2968.3,Cifras Definitivas
Balanza Comercial de Mercancías de México,Nacional,Importaciones,2021,01,No Petroleras,30942.402,Cifras Definitivas
Balanza Comercial de Mercancías de México,Nacional,Importaciones,2021,01,Bienes de Consumo,4085.132,Cifras Definitivas
Balanza Comercial de Mercancías de México,Nacional,Importaciones,2021,01,Bienes Intermedios,26875.015,Cifras Definitivas
Balanza Comercial de Mercancías de México,Nacional,Importaciones,2021,01,Bienes de Capital,2950.555,Cifras Definitivas
Balanza Comercial de Mercancías de México,Nacional,No aplica,2021,01,Balanza Comercial Total Exportaciones Totales - Importaciones Totales,-1194.611,Cifras Definitivas
Balanza Comercial de Mercancías de México,Nacional,No aplica,2021,01,Balanza Comercial Total Exportaciones Totales - Importaciones Totales CIF,-2263.841,Cifras Definitivas
Balanza Comercial de Mercancías de México,Nacional,Exportaciones,2021,02,Exportaciones Totales,36213.207,Cifras Definitivas
Balanza Comercial de Mercancías de México,Nacional,Exportaciones,2021,02,Petroleras,1859.159,Cifras Definitivas
Balanza Comercial de Mercancías de México,Nacional,Exportaciones,2021,02,Petróleo Crudo,1614.942,Cifras Definitivas
Balanza Comercial de Mercancías de México,Nacional,Exportaciones,2021,02,Otras petroleras,244.217,Cifras Definitivas
Balanza Comercial de Mercancías de México,Nacional,Exportaciones,2021,02,No Petroleras,34354.049,Cifras Definitivas
Balanza Comercial de Mercancías de México,Nacional,Exportaciones,2021,02,Agropecuarias,1805.473,Cifras Definitivas
Balanza Comercial de Mercancías de México,Nacional,Exportaciones,2021,02,Extractivas,729.105,Cifras Definitivas
Balanza Comercial de Mercancías de México,Nacional,Exportaciones,2021,02,Manufactureras,31819.471,Cifras Definitivas
Balanza Comercial de Mercancías de México,Nacional,Importaciones,2021,02,Importaciones Totales,33486.199,Cifras Definitivas
Balanza Comercial de Mercancías de México,Nacional,Importaciones,2021,02,Fletes y seguros de las importaciones,1094.606,Cifras Definitivas
Balanza Comercial de Mercancías de México,Nacional,Importaciones,2021,02,Importaciones Totales CIF (Importaciones Totales + Fletes y seguros de las importaciones),34580.805,Cifras Definitivas
Balanza Comercial de Mercancías de México,Nacional,Importaciones,2021,02,Petroleras,2929.342,Cifras Definitivas
Balanza Comercial de Mercancías de México,Nacional,Importaciones,2021,02,No Petroleras,30556.856,Cifras Definitivas
Balanza Comercial de Mercancías de México,Nacional,Importaciones,2021,02,Bienes de Consumo,3874.634,Cifras Definitivas
Balanza Comercial de Mercancías de México,Nacional,Importaciones,2021,02,Bienes Intermedios,26724.004,Cifras Definitivas
Balanza Comercial de Mercancías de México,Nacional,Importaciones,2021,02,Bienes de Capital,2887.56,Cifras Definitivas
Balanza Comercial de Mercancías de México,Nacional,No aplica,2021,02,Balanza Comercial Total Exportaciones Totales - Importaciones Totales,2727.008,Cifras Definitivas
Balanza Comercial de Mercancías de México,Nacional,No aplica,2021,02,Balanza Comercial Total Exportaciones Totales - Importaciones Totales CIF,1632.402,Cifras Definitivas
Balanza Comercial de Mercancías de México,Nacional,Exportaciones,2021,03,Exportaciones Totales,43029.98,Cifras Definitivas
Balanza Comercial de Mercancías de México,Nacional,Exportaciones,2021,03,Petroleras,2136.162,Cifras Definitivas
Balanza Comercial de Mercancías de México,Nacional,Exportaciones,2021,03,Petróleo Crudo,1720.336,Cifras Definitivas
Balanza Comercial de Mercancías de México,Nacional,Exportaciones,2021,03,Otras petroleras,415.825,Cifras Definitivas
Balanza Comercial de Mercancías de México,Nacional,Exportaciones,2021,03,No Petroleras,40893.819,Cifras Definitivas
Balanza Comercial de Mercancías de México,Nacional,Exportaciones,2021,03,Agropecuarias,2211.224,Cifras Definitivas
Balanza Comercial de Mercancías de México,Nacional,Exportaciones,2021,03,Extractivas,973.925,Cifras Definitivas
Balanza Comercial de Mercancías de México,Nacional,Exportaciones,2021,03,Manufactureras,37708.669,Cifras Definitivas
Balanza Comercial de Mercancías de México,Nacional,Importaciones,2021,03,Importaciones Totales,45974.454,Cifras Definitivas
Balanza Comercial de Mercancías de México,Nacional,Importaciones,2021,03,Fletes y seguros de las importaciones,1679.781,Cifras Definitivas
Balanza Comercial de Mercancías de México,Nacional,Importaciones,2021,03,Importaciones Totales CIF (Importaciones Totales + Fletes y seguros de las importaciones),47654.235,Cifras Definitivas
Balanza Comercial de Mercancías de México,Nacional,Importaciones,2021,03,Petroleras,6582.338,Cifras Definitivas
Balanza Comercial de Mercancías de México,Nacional,Importaciones,2021,03,No Petroleras,39392.116,Cifras Definitivas
Balanza Comercial de Mercancías de México,Nacional,Importaciones,2021,03,Bienes de Consumo,4911.595,Cifras Definitivas
Balanza Comercial de Mercancías de México,Nacional,Importaciones,2021,03,Bienes Intermedios,37497.244,Cifras Definitivas
Balanza Comercial de Mercancías de México,Nacional,Importaciones,2021,03,Bienes de Capital,3565.615,Cifras Definitivas
Balanza Comercial de Mercancías de México,Nacional,No aplica,2021,03,Balanza Comercial Total Exportaciones Totales - Importaciones Totales,-2944.474,Cifras Definitivas
Balanza Comercial de Mercancías de México,Nacional,No aplica,2021,03,Balanza Comercial Total Exportaciones Totales - Importaciones Totales CIF,-4624.255,Cifras Definitivas
Balanza Comercial de Mercancías de México,Nacional,Exportaciones,2021,04,Exportaciones Totales,40944.531,Cifras Definitivas
Balanza Comercial de Mercancías de México,Nacional,Exportaciones,2021,04,Petroleras,2110.184,Cifras Definitivas
Balanza Comercial de Mercancías de México,Nacional,Exportaciones,2021,04,Petróleo Crudo,1700.356,Cifras Definitivas
Balanza Comercial de Mercancías de México,Nacional,Exportaciones,2021,04,Otras petroleras,409.827,Cifras Definitivas
Balanza Comercial de Mercancías de México,Nacional,Exportaciones,2021,04,No Petroleras,38834.347,Cifras Definitivas
Balanza Comercial de Mercancías de México,Nacional,Exportaciones,2021,04,Agropecuarias,1816.538,Cifras Definitivas
Balanza Comercial de Mercancías de México,Nacional,Exportaciones,2021,04,Extractivas,638.34,Cifras Definitivas
Balanza Comercial de Mercancías de México,Nacional,Exportaciones,2021,04,Manufactureras,36379.469,Cifras Definitivas
Balanza Comercial de Mercancías de México,Nacional,Importaciones,2021,04,Importaciones Totales,39259.65,Cifras Definitivas
Balanza Comercial de Mercancías de México,Nacional,Importaciones,2021,04,Fletes y seguros de las importaciones,1244.707,Cifras Definitivas
Balanza Comercial de Mercancías de México,Nacional,Importaciones,2021,04,Importaciones Totales CIF (Importaciones Totales + Fletes y seguros de las importaciones),40504.357,Cifras Definitivas
Balanza Comercial de Mercancías de México,Nacional,Importaciones,2021,04,Petroleras,3593.462,Cifras Definitivas
Balanza Comercial de Mercancías de México,Nacional,Importaciones,2021,04,No Petroleras,35666.188,Cifras Definitivas
Balanza Comercial de Mercancías de México,Nacional,Importaciones,2021,04,Bienes de Consumo,4545.013,Cifras Definitivas
Balanza Comercial de Mercancías de México,Nacional,Importaciones,2021,04,Bienes Intermedios,31655.7,Cifras Definitivas
Balanza Comercial de Mercancías de México,Nacional,Importaciones,2021,04,Bienes de Capital,3058.937,Cifras Definitivas
Balanza Comercial de Mercancías de México,Nacional,No aplica,2021,04,Balanza Comercial Total Exportaciones Totales - Importaciones Totales,1684.881,Cifras Definitivas
Balanza Comercial de Mercancías de México,Nacional,No aplica,2021,04,Balanza Comercial Total Exportaciones Totales - Importaciones Totales CIF,440.174,Cifras Definitivas
Balanza Comercial de Mercancías de México,Nacional,Exportaciones,2021,05,Exportaciones Totales,40845.6,Cifras Definitivas
Balanza Comercial de Mercancías de México,Nacional,Exportaciones,2021,05,Petroleras,2336.812,Cifras Definitivas
Balanza Comercial de Mercancías de México,Nacional,Exportaciones,2021,05,Petróleo Crudo,2055.65,Cifras Definitivas
Balanza Comercial de Mercancías de México,Nacional,Exportaciones,2021,05,Otras petroleras,281.161,Cifras Definitivas
Balanza Comercial de Mercancías de México,Nacional,Exportaciones,2021,05,No Petroleras,38508.788,Cifras Definitivas
Balanza Comercial de Mercancías de México,Nacional,Exportaciones,2021,05,Agropecuarias,1761.124,Cifras Definitivas
Balanza Comercial de Mercancías de México,Nacional,Exportaciones,2021,05,Extractivas,715.441,Cifras Definitivas
Balanza Comercial de Mercancías de México,Nacional,Exportaciones,2021,05,Manufactureras,36032.223,Cifras Definitivas
Balanza Comercial de Mercancías de México,Nacional,Importaciones,2021,05,Importaciones Totales,40458.684,Cifras Definitivas
Balanza Comercial de Mercancías de México,Nacional,Importaciones,2021,05,Fletes y seguros de las importaciones,1304.052,Cifras Definitivas
Balanza Comercial de Mercancías de México,Nacional,Importaciones,2021,05,Importaciones Totales CIF (Importaciones Totales + Fletes y seguros de las importaciones),41762.736,Cifras Definitivas
Balanza Comercial de Mercancías de México,Nacional,Importaciones,2021,05,Petroleras,3975.144,Cifras Definitivas
Balanza Comercial de Mercancías de México,Nacional,Importaciones,2021,05,No Petroleras,36483.54,Cifras Definitivas
Balanza Comercial de Mercancías de México,Nacional,Importaciones,2021,05,Bienes de Consumo,5003.306,Cifras Definitivas
Balanza Comercial de Mercancías de México,Nacional,Importaciones,2021,05,Bienes Intermedios,32273.59,Cifras Definitivas
Balanza Comercial de Mercancías de México,Nacional,Importaciones,2021,05,Bienes de Capital,3181.787,Cifras Definitivas
Balanza Comercial de Mercancías de México,Nacional,No aplica,2021,05,Balanza Comercial Total Exportaciones Totales - Importaciones Totales,386.916,Cifras Definitivas
Balanza Comercial de Mercancías de México,Nacional,No aplica,2021,05,Balanza Comercial Total Exportaciones Totales - Importaciones Totales CIF,-917.136,Cifras Definitivas
Balanza Comercial de Mercancías de México,Nacional,Exportaciones,2021,06,Exportaciones Totales,42619.373,Cifras Definitivas
Balanza Comercial de Mercancías de México,Nacional,Exportaciones,2021,06,Petroleras,2612.098,Cifras Definitivas
Balanza Comercial de Mercancías de México,Nacional,Exportaciones,2021,06,Petróleo Crudo,2220.677,Cifras Definitivas
Balanza Comercial de Mercancías de México,Nacional,Exportaciones,2021,06,Otras petroleras,391.421,Cifras Definitivas
Balanza Comercial de Mercancías de México,Nacional,Exportaciones,2021,06,No Petroleras,40007.276,Cifras Definitivas
Balanza Comercial de Mercancías de México,Nacional,Exportaciones,2021,06,Agropecuarias,1666.332,Cifras Definitivas
Balanza Comercial de Mercancías de México,Nacional,Exportaciones,2021,06,Extractivas,976.856,Cifras Definitivas
Balanza Comercial de Mercancías de México,Nacional,Exportaciones,2021,06,Manufactureras,37364.087,Cifras Definitivas
Balanza Comercial de Mercancías de México,Nacional,Importaciones,2021,06,Importaciones Totales,41909.429,Cifras Definitivas
Balanza Comercial de Mercancías de México,Nacional,Importaciones,2021,06,Fletes y seguros de las importaciones,1347.513,Cifras Definitivas
Balanza Comercial de Mercancías de México,Nacional,Importaciones,2021,06,Importaciones Totales CIF (Importaciones Totales + Fletes y seguros de las importaciones),43256.942,Cifras Definitivas
Balanza Comercial de Mercancías de México,Nacional,Importaciones,2021,06,Petroleras,4466.951,Cifras Definitivas
Balanza Comercial de Mercancías de México,Nacional,Importaciones,2021,06,No Petroleras,37442.478,Cifras Definitivas
Balanza Comercial de Mercancías de México,Nacional,Importaciones,2021,06,Bienes de Consumo,5353.7,Cifras Definitivas
Balanza Comercial de Mercancías de México,Nacional,Importaciones,2021,06,Bienes Intermedios,33313.433,Cifras Definitivas
Balanza Comercial de Mercancías de México,Nacional,Importaciones,2021,06,Bienes de Capital,3242.296,Cifras Definitivas
Balanza Comercial de Mercancías de México,Nacional,No aplica,2021,06,Balanza Comercial Total Exportaciones Totales - Importaciones Totales,709.944,Cifras Definitivas
Balanza Comercial de Mercancías de México,Nacional,No aplica,2021,06,Balanza Comercial Total Exportaciones Totales - Importaciones Totales CIF,-637.569,Cifras Definitivas
Balanza Comercial de Mercancías de México,Nacional,Exportaciones,2021,07,Exportaciones Totales,40952.956,Cifras Definitivas
Balanza Comercial de Mercancías de México,Nacional,Exportaciones,2021,07,Petroleras,2887.878,Cifras Definitivas
Balanza Comercial de Mercancías de México,Nacional,Exportaciones,2021,07,Petróleo Crudo,2487.742,Cifras Definitivas
Balanza Comercial de Mercancías de México,Nacional,Exportaciones,2021,07,Otras petroleras,400.136,Cifras Definitivas
Balanza Comercial de Mercancías de México,Nacional,Exportaciones,2021,07,No Petroleras,38065.078,Cifras Definitivas
Balanza Comercial de Mercancías de México,Nacional,Exportaciones,2021,07,Agropecuarias,1263.352,Cifras Definitivas
Balanza Comercial de Mercancías de México,Nacional,Exportaciones,2021,07,Extractivas,837.958,Cifras Definitivas
Balanza Comercial de Mercancías de México,Nacional,Exportaciones,2021,07,Manufactureras,35963.768,Cifras Definitivas
Balanza Comercial de Mercancías de México,Nacional,Importaciones,2021,07,Importaciones Totales,44950.628,Cifras Definitivas
Balanza Comercial de Mercancías de México,Nacional,Importaciones,2021,07,Fletes y seguros de las importaciones,1485.995,Cifras Definitivas
Balanza Comercial de Mercancías de México,Nacional,Importaciones,2021,07,Importaciones Totales CIF (Importaciones Totales + Fletes y seguros de las importaciones),46436.623,Cifras Definitivas
Balanza Comercial de Mercancías de México,Nacional,Importaciones,2021,07,Petroleras,4994.576,Cifras Definitivas
Balanza Comercial de Mercancías de México,Nacional,Importaciones,2021,07,No Petroleras,39956.052,Cifras Definitivas
Balanza Comercial de Mercancías de México,Nacional,Importaciones,2021,07,Bienes de Consumo,5501.366,Cifras Definitivas
Balanza Comercial de Mercancías de México,Nacional,Importaciones,2021,07,Bienes Intermedios,36031.745,Cifras Definitivas
Balanza Comercial de Mercancías de México,Nacional,Importaciones,2021,07,Bienes de Capital,3417.517,Cifras Definitivas
Balanza Comercial de Mercancías de México,Nacional,No aplica,2021,07,Balanza Comercial Total Exportaciones Totales - Importaciones Totales,-3997.672,Cifras Definitivas
Balanza Comercial de Mercancías de México,Nacional,No aplica,2021,07,Balanza Comercial Total Exportaciones Totales - Importaciones Totales CIF,-5483.667,Cifras Definitivas
Balanza Comercial de Mercancías de México,Nacional,Exportaciones,2021,08,Exportaciones Totales,40471.381,Cifras Definitivas
Balanza Comercial de Mercancías de México,Nacional,Exportaciones,2021,08,Petroleras,2685.537,Cifras Definitivas
Balanza Comercial de Mercancías de México,Nacional,Exportaciones,2021,08,Petróleo Crudo,2306.075,Cifras Definitivas
Balanza Comercial de Mercancías de México,Nacional,Exportaciones,2021,08,Otras petroleras,379.462,Cifras Definitivas
Balanza Comercial de Mercancías de México,Nacional,Exportaciones,2021,08,No Petroleras,37785.844,Cifras Definitivas
Balanza Comercial de Mercancías de México,Nacional,Exportaciones,2021,08,Agropecuarias,1318.799,Cifras Definitivas
Balanza Comercial de Mercancías de México,Nacional,Exportaciones,2021,08,Extractivas,906.608,Cifras Definitivas
Balanza Comercial de Mercancías de México,Nacional,Exportaciones,2021,08,Manufactureras,35560.438,Cifras Definitivas
Balanza Comercial de Mercancías de México,Nacional,Importaciones,2021,08,Importaciones Totales,44215.64,Cifras Definitivas
Balanza Comercial de Mercancías de México,Nacional,Importaciones,2021,08,Fletes y seguros de las importaciones,1467.517,Cifras Definitivas
Balanza Comercial de Mercancías de México,Nacional,Importaciones,2021,08,Importaciones Totales CIF (Importaciones Totales + Fletes y seguros de las importaciones),45683.157,Cifras Definitivas
Balanza Comercial de Mercancías de México,Nacional,Importaciones,2021,08,Petroleras,5072.861,Cifras Definitivas
Balanza Comercial de Mercancías de México,Nacional,Importaciones,2021,08,No Petroleras,39142.779,Cifras Definitivas
Balanza Comercial de Mercancías de México,Nacional,Importaciones,2021,08,Bienes de Consumo,5343.954,Cifras Definitivas
Balanza Comercial de Mercancías de México,Nacional,Importaciones,2021,08,Bienes Intermedios,35487.471,Cifras Definitivas
Balanza Comercial de Mercancías de México,Nacional,Importaciones,2021,08,Bienes de Capital,3384.215,Cifras Definitivas
Balanza Comercial de Mercancías de México,Nacional,No aplica,2021,08,Balanza Comercial Total Exportaciones Totales - Importaciones Totales,-3744.259,Cifras Definitivas
Balanza Comercial de Mercancías de México,Nacional,No aplica,2021,08,Balanza Comercial Total Exportaciones Totales - Importaciones Totales CIF,-5211.776,Cifras Definitivas
Balanza Comercial de Mercancías de México,Nacional,Exportaciones,2021,09,Exportaciones Totales,41754.363,Cifras Definitivas
Balanza Comercial de Mercancías de México,Nacional,Exportaciones,2021,09,Petroleras,2493.075,Cifras Definitivas
Balanza Comercial de Mercancías de México,Nacional,Exportaciones,2021,09,Petróleo Crudo,2029.443,Cifras Definitivas
Balanza Comercial de Mercancías de México,Nacional,Exportaciones,2021,09,Otras petroleras,463.632,Cifras Definitivas
Balanza Comercial de Mercancías de México,Nacional,Exportaciones,2021,09,No Petroleras,39261.287,Cifras Definitivas
Balanza Comercial de Mercancías de México,Nacional,Exportaciones,2021,09,Agropecuarias,1292.522,Cifras Definitivas
Balanza Comercial de Mercancías de México,Nacional,Exportaciones,2021,09,Extractivas,604.188,Cifras Definitivas
Balanza Comercial de Mercancías de México,Nacional,Exportaciones,2021,09,Manufactureras,37364.577,Cifras Definitivas
Balanza Comercial de Mercancías de México,Nacional,Importaciones,2021,09,Importaciones Totales,44078.456,Cifras Definitivas
Balanza Comercial de Mercancías de México,Nacional,Importaciones,2021,09,Fletes y seguros de las importaciones,1462.614,Cifras Definitivas
Balanza Comercial de Mercancías de México,Nacional,Importaciones,2021,09,Importaciones Totales CIF (Importaciones Totales + Fletes y seguros de las importaciones),45541.07,Cifras Definitivas
Balanza Comercial de Mercancías de México,Nacional,Importaciones,2021,09,Petroleras,4690.599,Cifras Definitivas
Balanza Comercial de Mercancías de México,Nacional,Importaciones,2021,09,No Petroleras,39387.857,Cifras Definitivas
Balanza Comercial de Mercancías de México,Nacional,Importaciones,2021,09,Bienes de Consumo,5485.906,Cifras Definitivas
Balanza Comercial de Mercancías de México,Nacional,Importaciones,2021,09,Bienes Intermedios,35188.923,Cifras Definitivas
Balanza Comercial de Mercancías de México,Nacional,Importaciones,2021,09,Bienes de Capital,3403.627,Cifras Definitivas
Balanza Comercial de Mercancías de México,Nacional,No aplica,2021,09,Balanza Comercial Total Exportaciones Totales - Importaciones Totales,-2324.093,Cifras Definitivas
Balanza Comercial de Mercancías de México,Nacional,No aplica,2021,09,Balanza Comercial Total Exportaciones Totales - Importaciones Totales CIF,-3786.707,Cifras Definitivas
Balanza Comercial de Mercancías de México,Nacional,Exportaciones,2021,10,Exportaciones Totales,41858.778,Cifras Definitivas
Balanza Comercial de Mercancías de México,Nacional,Exportaciones,2021,10,Petroleras,2704.034,Cifras Definitivas
Balanza Comercial de Mercancías de México,Nacional,Exportaciones,2021,10,Petróleo Crudo,2091.741,Cifras Definitivas
Balanza Comercial de Mercancías de México,Nacional,Exportaciones,2021,10,Otras petroleras,612.293,Cifras Definitivas
Balanza Comercial de Mercancías de México,Nacional,Exportaciones,2021,10,No Petroleras,39154.744,Cifras Definitivas
Balanza Comercial de Mercancías de México,Nacional,Exportaciones,2021,10,Agropecuarias,1452.952,Cifras Definitivas
Balanza Comercial de Mercancías de México,Nacional,Exportaciones,2021,10,Extractivas,926.065,Cifras Definitivas
Balanza Comercial de Mercancías de México,Nacional,Exportaciones,2021,10,Manufactureras,36775.727,Cifras Definitivas
Balanza Comercial de Mercancías de México,Nacional,Importaciones,2021,10,Importaciones Totales,44658.126,Cifras Definitivas
Balanza Comercial de Mercancías de México,Nacional,Importaciones,2021,10,Fletes y seguros de las importaciones,1490.144,Cifras Definitivas
Balanza Comercial de Mercancías de México,Nacional,Importaciones,2021,10,Importaciones Totales CIF (Importaciones Totales + Fletes y seguros de las importaciones),46148.27,Cifras Definitivas
Balanza Comercial de Mercancías de México,Nacional,Importaciones,2021,10,Petroleras,4678.442,Cifras Definitivas
Balanza Comercial de Mercancías de México,Nacional,Importaciones,2021,10,No Petroleras,39979.684,Cifras Definitivas
Balanza Comercial de Mercancías de México,Nacional,Importaciones,2021,10,Bienes de Consumo,5801.423,Cifras Definitivas
Balanza Comercial de Mercancías de México,Nacional,Importaciones,2021,10,Bienes Intermedios,35318.807,Cifras Definitivas
Balanza Comercial de Mercancías de México,Nacional,Importaciones,2021,10,Bienes de Capital,3537.897,Cifras Definitivas
Balanza Comercial de Mercancías de México,Nacional,No aplica,2021,10,Balanza Comercial Total Exportaciones Totales - Importaciones Totales,-2799.348,Cifras Definitivas
Balanza Comercial de Mercancías de México,Nacional,No aplica,2021,10,Balanza Comercial Total Exportaciones Totales - Importaciones Totales CIF,-4289.492,Cifras Definitivas
Balanza Comercial de Mercancías de México,Nacional,Exportaciones,2021,11,Exportaciones Totales,45676.554,Cifras Definitivas
Balanza Comercial de Mercancías de México,Nacional,Exportaciones,2021,11,Petroleras,2788.922,Cifras Definitivas
Balanza Comercial de Mercancías de México,Nacional,Exportaciones,2021,11,Petróleo Crudo,2309.867,Cifras Definitivas
Balanza Comercial de Mercancías de México,Nacional,Exportaciones,2021,11,Otras petroleras,479.054,Cifras Definitivas
Balanza Comercial de Mercancías de México,Nacional,Exportaciones,2021,11,No Petroleras,42887.632,Cifras Definitivas
Balanza Comercial de Mercancías de México,Nacional,Exportaciones,2021,11,Agropecuarias,1898.989,Cifras Definitivas
Balanza Comercial de Mercancías de México,Nacional,Exportaciones,2021,11,Extractivas,754.373,Cifras Definitivas
Balanza Comercial de Mercancías de México,Nacional,Exportaciones,2021,11,Manufactureras,40234.27,Cifras Definitivas
Balanza Comercial de Mercancías de México,Nacional,Importaciones,2021,11,Importaciones Totales,45698.67,Cifras Definitivas
Balanza Comercial de Mercancías de México,Nacional,Importaciones,2021,11,Fletes y seguros de las importaciones,1544.498,Cifras Definitivas
Balanza Comercial de Mercancías de México,Nacional,Importaciones,2021,11,Importaciones Totales CIF (Importaciones Totales + Fletes y seguros de las importaciones),47243.168,Cifras Definitivas
Balanza Comercial de Mercancías de México,Nacional,Importaciones,2021,11,Petroleras,4614.012,Cifras Definitivas
Balanza Comercial de Mercancías de México,Nacional,Importaciones,2021,11,No Petroleras,41084.658,Cifras Definitivas
Balanza Comercial de Mercancías de México,Nacional,Importaciones,2021,11,Bienes de Consumo,5947.158,Cifras Definitivas
Balanza Comercial de Mercancías de México,Nacional,Importaciones,2021,11,Bienes Intermedios,35868.769,Cifras Definitivas
Balanza Comercial de Mercancías de México,Nacional,Importaciones,2021,11,Bienes de Capital,3882.743,Cifras Definitivas
Balanza Comercial de Mercancías de México,Nacional,No aplica,2021,11,Balanza Comercial Total Exportaciones Totales - Importaciones Totales,-22.116,Cifras Definitivas
Balanza Comercial de Mercancías de México,Nacional,No aplica,2021,11,Balanza Comercial Total Exportaciones Totales - Importaciones Totales CIF,-1566.614,Cifras Definitivas
Balanza Comercial de Mercancías de México,Nacional,Exportaciones,2021,12,Exportaciones Totales,47866.2,Cifras Definitivas
Balanza Comercial de Mercancías de México,Nacional,Exportaciones,2021,12,Petroleras,2951.419,Cifras Definitivas
Balanza Comercial de Mercancías de México,Nacional,Exportaciones,2021,12,Petróleo Crudo,2322.221,Cifras Definitivas
Balanza Comercial de Mercancías de México,Nacional,Exportaciones,2021,12,Otras petroleras,629.198,Cifras Definitivas
Balanza Comercial de Mercancías de México,Nacional,Exportaciones,2021,12,No Petroleras,44914.781,Cifras Definitivas
Balanza Comercial de Mercancías de México,Nacional,Exportaciones,2021,12,Agropecuarias,1886.539,Cifras Definitivas
Balanza Comercial de Mercancías de México,Nacional,Exportaciones,2021,12,Extractivas,799.112,Cifras Definitivas
Balanza Comercial de Mercancías de México,Nacional,Exportaciones,2021,12,Manufactureras,42229.131,Cifras Definitivas
Balanza Comercial de Mercancías de México,Nacional,Importaciones,2021,12,Importaciones Totales,47102.458,Cifras Definitivas
Balanza Comercial de Mercancías de México,Nacional,Importaciones,2021,12,Fletes y seguros de las importaciones,1560.914,Cifras Definitivas
Balanza Comercial de Mercancías de México,Nacional,Importaciones,2021,12,Importaciones Totales CIF (Importaciones Totales + Fletes y seguros de las importaciones),48663.372,Cifras Definitivas
Balanza Comercial de Mercancías de México,Nacional,Importaciones,2021,12,Petroleras,5285.353,Cifras Definitivas
Balanza Comercial de Mercancías de México,Nacional,Importaciones,2021,12,No Petroleras,41817.105,Cifras Definitivas
Balanza Comercial de Mercancías de México,Nacional,Importaciones,2021,12,Bienes de Consumo,6171.527,Cifras Definitivas
Balanza Comercial de Mercancías de México,Nacional,Importaciones,2021,12,Bienes Intermedios,36916.069,Cifras Definitivas
Balanza Comercial de Mercancías de México,Nacional,Importaciones,2021,12,Bienes de Capital,4014.861,Cifras Definitivas
Balanza Comercial de Mercancías de México,Nacional,No aplica,2021,12,Balanza Comercial Total Exportaciones Totales - Importaciones Totales,763.742,Cifras Definitivas
Balanza Comercial de Mercancías de México,Nacional,No aplica,2021,12,Balanza Comercial Total Exportaciones Totales - Importaciones Totales CIF,-797.172,Cifras Definitivas
Balanza Comercial de Mercancías de México,Nacional,Exportaciones,2022,01,Exportaciones Totales,33923.041,Cifras Definitivas
Balanza Comercial de Mercancías de México,Nacional,Exportaciones,2022,01,Petroleras,2491.027,Cifras Definitivas
Balanza Comercial de Mercancías de México,Nacional,Exportaciones,2022,01,Petróleo Crudo,2022.813,Cifras Definitivas
Balanza Comercial de Mercancías de México,Nacional,Exportaciones,2022,01,Otras petroleras,468.214,Cifras Definitivas
Balanza Comercial de Mercancías de México,Nacional,Exportaciones,2022,01,No Petroleras,31432.014,Cifras Definitivas
Balanza Comercial de Mercancías de México,Nacional,Exportaciones,2022,01,Agropecuarias,1748.111,Cifras Definitivas
Balanza Comercial de Mercancías de México,Nacional,Exportaciones,2022,01,Extractivas,597.741,Cifras Definitivas
Balanza Comercial de Mercancías de México,Nacional,Exportaciones,2022,01,Manufactureras,29086.162,Cifras Definitivas
Balanza Comercial de Mercancías de México,Nacional,Importaciones,2022,01,Importaciones Totales,40185.365,Cifras Definitivas
Balanza Comercial de Mercancías de México,Nacional,Importaciones,2022,01,Fletes y seguros de las importaciones,1527.708,Cifras Definitivas
Balanza Comercial de Mercancías de México,Nacional,Importaciones,2022,01,Importaciones Totales CIF (Importaciones Totales + Fletes y seguros de las importaciones),41713.073,Cifras Definitivas
Balanza Comercial de Mercancías de México,Nacional,Importaciones,2022,01,Petroleras,4601.434,Cifras Definitivas
Balanza Comercial de Mercancías de México,Nacional,Importaciones,2022,01,No Petroleras,35583.931,Cifras Definitivas
Balanza Comercial de Mercancías de México,Nacional,Importaciones,2022,01,Bienes de Consumo,5408.306,Cifras Definitivas
Balanza Comercial de Mercancías de México,Nacional,Importaciones,2022,01,Bienes Intermedios,31340.621,Cifras Definitivas
Balanza Comercial de Mercancías de México,Nacional,Importaciones,2022,01,Bienes de Capital,3436.437,Cifras Definitivas
Balanza Comercial de Mercancías de México,Nacional,No aplica,2022,01,Balanza Comercial Total Exportaciones Totales - Importaciones Totales,-6262.323,Cifras Definitivas
Balanza Comercial de Mercancías de México,Nacional,No aplica,2022,01,Balanza Comercial Total Exportaciones Totales - Importaciones Totales CIF,-7790.032,Cifras Definitivas
Balanza Comercial de Mercancías de México,Nacional,Exportaciones,2022,02,Exportaciones Totales,46288.481,Cifras Definitivas
Balanza Comercial de Mercancías de México,Nacional,Exportaciones,2022,02,Petroleras,2828.801,Cifras Definitivas
Balanza Comercial de Mercancías de México,Nacional,Exportaciones,2022,02,Petróleo Crudo,2272.994,Cifras Definitivas
Balanza Comercial de Mercancías de México,Nacional,Exportaciones,2022,02,Otras petroleras,555.807,Cifras Definitivas
Balanza Comercial de Mercancías de México,Nacional,Exportaciones,2022,02,No Petroleras,43459.681,Cifras Definitivas
Balanza Comercial de Mercancías de México,Nacional,Exportaciones,2022,02,Agropecuarias,1917.736,Cifras Definitivas
Balanza Comercial de Mercancías de México,Nacional,Exportaciones,2022,02,Extractivas,908.645,Cifras Definitivas
Balanza Comercial de Mercancías de México,Nacional,Exportaciones,2022,02,Manufactureras,40633.3,Cifras Definitivas
Balanza Comercial de Mercancías de México,Nacional,Importaciones,2022,02,Importaciones Totales,44953.077,Cifras Definitivas
Balanza Comercial de Mercancías de México,Nacional,Importaciones,2022,02,Fletes y seguros de las importaciones,1600.334,Cifras Definitivas
Balanza Comercial de Mercancías de México,Nacional,Importaciones,2022,02,Importaciones Totales CIF (Importaciones Totales + Fletes y seguros de las importaciones),46553.411,Cifras Definitivas
Balanza Comercial de Mercancías de México,Nacional,Importaciones,2022,02,Petroleras,4323.996,Cifras Definitivas
Balanza Comercial de Mercancías de México,Nacional,Importaciones,2022,02,No Petroleras,40629.081,Cifras Definitivas
Balanza Comercial de Mercancías de México,Nacional,Importaciones,2022,02,Bienes de Consumo,5418.705,Cifras Definitivas
Balanza Comercial de Mercancías de México,Nacional,Importaciones,2022,02,Bienes Intermedios,36283.338,Cifras Definitivas
Balanza Comercial de Mercancías de México,Nacional,Importaciones,2022,02,Bienes de Capital,3251.034,Cifras Definitivas
Balanza Comercial de Mercancías de México,Nacional,No aplica,2022,02,Balanza Comercial Total Exportaciones Totales - Importaciones Totales,1335.405,Cifras Definitivas
Balanza Comercial de Mercancías de México,Nacional,No aplica,2022,02,Balanza Comercial Total Exportaciones Totales - Importaciones Totales CIF,-264.93,Cifras Definitivas
Balanza Comercial de Mercancías de México,Nacional,Exportaciones,2022,03,Exportaciones Totales,51948.842,Cifras Definitivas
Balanza Comercial de Mercancías de México,Nacional,Exportaciones,2022,03,Petroleras,3568.784,Cifras Definitivas
Balanza Comercial de Mercancías de México,Nacional,Exportaciones,2022,03,Petróleo Crudo,2814.637,Cifras Definitivas
Balanza Comercial de Mercancías de México,Nacional,Exportaciones,2022,03,Otras petroleras,754.147,Cifras Definitivas
Balanza Comercial de Mercancías de México,Nacional,Exportaciones,2022,03,No Petroleras,48380.058,Cifras Definitivas
Balanza Comercial de Mercancías de México,Nacional,Exportaciones,2022,03,Agropecuarias,2248.866,Cifras Definitivas
Balanza Comercial de Mercancías de México,Nacional,Exportaciones,2022,03,Extractivas,918.31,Cifras Definitivas
Balanza Comercial de Mercancías de México,Nacional,Exportaciones,2022,03,Manufactureras,45212.882,Cifras Definitivas
Balanza Comercial de Mercancías de México,Nacional,Importaciones,2022,03,Importaciones Totales,51801.683,Cifras Definitivas
Balanza Comercial de Mercancías de México,Nacional,Importaciones,2022,03,Fletes y seguros de las importaciones,1856.039,Cifras Definitivas
Balanza Comercial de Mercancías de México,Nacional,Importaciones,2022,03,Importaciones Totales CIF (Importaciones Totales + Fletes y seguros de las importaciones),53657.722,Cifras Definitivas
Balanza Comercial de Mercancías de México,Nacional,Importaciones,2022,03,Petroleras,5673.106,Cifras Definitivas
Balanza Comercial de Mercancías de México,Nacional,Importaciones,2022,03,No Petroleras,46128.577,Cifras Definitivas
Balanza Comercial de Mercancías de México,Nacional,Importaciones,2022,03,Bienes de Consumo,6765.069,Cifras Definitivas
Balanza Comercial de Mercancías de México,Nacional,Importaciones,2022,03,Bienes Intermedios,40997.412,Cifras Definitivas
Balanza Comercial de Mercancías de México,Nacional,Importaciones,2022,03,Bienes de Capital,4039.202,Cifras Definitivas
Balanza Comercial de Mercancías de México,Nacional,No aplica,2022,03,Balanza Comercial Total Exportaciones Totales - Importaciones Totales,147.159,Cifras Definitivas
Balanza Comercial de Mercancías de México,Nacional,No aplica,2022,03,Balanza Comercial Total Exportaciones Totales - Importaciones Totales CIF,-1708.88,Cifras Definitivas
Balanza Comercial de Mercancías de México,Nacional,Exportaciones,2022,04,Exportaciones Totales,47580.499,Cifras Definitivas
Balanza Comercial de Mercancías de México,Nacional,Exportaciones,2022,04,Petroleras,3894.135,Cifras Definitivas
Balanza Comercial de Mercancías de México,Nacional,Exportaciones,2022,04,Petróleo Crudo,3191.885,Cifras Definitivas
Balanza Comercial de Mercancías de México,Nacional,Exportaciones,2022,04,Otras petroleras,702.249,Cifras Definitivas
Balanza Comercial de Mercancías de México,Nacional,Exportaciones,2022,04,No Petroleras,43686.365,Cifras Definitivas
Balanza Comercial de Mercancías de México,Nacional,Exportaciones,2022,04,Agropecuarias,2099.481,Cifras Definitivas
Balanza Comercial de Mercancías de México,Nacional,Exportaciones,2022,04,Extractivas,728.69,Cifras Definitivas
Balanza Comercial de Mercancías de México,Nacional,Exportaciones,2022,04,Manufactureras,40858.194,Cifras Definitivas
Balanza Comercial de Mercancías de México,Nacional,Importaciones,2022,04,Importaciones Totales,49363.532,Cifras Definitivas
Balanza Comercial de Mercancías de México,Nacional,Importaciones,2022,04,Fletes y seguros de las importaciones,1755.112,Cifras Definitivas
Balanza Comercial de Mercancías de México,Nacional,Importaciones,2022,04,Importaciones Totales CIF (Importaciones Totales + Fletes y seguros de las importaciones),51118.644,Cifras Definitivas
Balanza Comercial de Mercancías de México,Nacional,Importaciones,2022,04,Petroleras,6148.302,Cifras Definitivas
Balanza Comercial de Mercancías de México,Nacional,Importaciones,2022,04,No Petroleras,43215.23,Cifras Definitivas
Balanza Comercial de Mercancías de México,Nacional,Importaciones,2022,04,Bienes de Consumo,6389.549,Cifras Definitivas
Balanza Comercial de Mercancías de México,Nacional,Importaciones,2022,04,Bienes Intermedios,39225.958,Cifras Definitivas
Balanza Comercial de Mercancías de México,Nacional,Importaciones,2022,04,Bienes de Capital,3748.026,Cifras Definitivas
Balanza Comercial de Mercancías de México,Nacional,No aplica,2022,04,Balanza Comercial Total Exportaciones Totales - Importaciones Totales,-1783.033,Cifras Definitivas
Balanza Comercial de Mercancías de México,Nacional,No aplica,2022,04,Balanza Comercial Total Exportaciones Totales - Importaciones Totales CIF,-3538.145,Cifras Definitivas
Balanza Comercial de Mercancías de México,Nacional,Exportaciones,2022,05,Exportaciones Totales,49964.741,Cifras Definitivas
Balanza Comercial de Mercancías de México,Nacional,Exportaciones,2022,05,Petroleras,3798.38,Cifras Definitivas
Balanza Comercial de Mercancías de México,Nacional,Exportaciones,2022,05,Petróleo Crudo,3181.018,Cifras Definitivas
Balanza Comercial de Mercancías de México,Nacional,Exportaciones,2022,05,Otras petroleras,617.363,Cifras Definitivas
Balanza Comercial de Mercancías de México,Nacional,Exportaciones,2022,05,No Petroleras,46166.361,Cifras Definitivas
Balanza Comercial de Mercancías de México,Nacional,Exportaciones,2022,05,Agropecuarias,2031.917,Cifras Definitivas
Balanza Comercial de Mercancías de México,Nacional,Exportaciones,2022,05,Extractivas,783.368,Cifras Definitivas
Balanza Comercial de Mercancías de México,Nacional,Exportaciones,2022,05,Manufactureras,43351.076,Cifras Definitivas
Balanza Comercial de Mercancías de México,Nacional,Importaciones,2022,05,Importaciones Totales,52220.452,Cifras Definitivas
Balanza Comercial de Mercancías de México,Nacional,Importaciones,2022,05,Fletes y seguros de las importaciones,1852.536,Cifras Definitivas
Balanza Comercial de Mercancías de México,Nacional,Importaciones,2022,05,Importaciones Totales CIF (Importaciones Totales + Fletes y seguros de las importaciones),54072.988,Cifras Definitivas
Balanza Comercial de Mercancías de México,Nacional,Importaciones,2022,05,Petroleras,6995.297,Cifras Definitivas
Balanza Comercial de Mercancías de México,Nacional,Importaciones,2022,05,No Petroleras,45225.155,Cifras Definitivas
Balanza Comercial de Mercancías de México,Nacional,Importaciones,2022,05,Bienes de Consumo,6724.243,Cifras Definitivas
Balanza Comercial de Mercancías de México,Nacional,Importaciones,2022,05,Bienes Intermedios,41466.58,Cifras Definitivas
Balanza Comercial de Mercancías de México,Nacional,Importaciones,2022,05,Bienes de Capital,4029.629,Cifras Definitivas
Balanza Comercial de Mercancías de México,Nacional,No aplica,2022,05,Balanza Comercial Total Exportaciones Totales - Importaciones Totales,-2255.711,Cifras Definitivas
Balanza Comercial de Mercancías de México,Nacional,No aplica,2022,05,Balanza Comercial Total Exportaciones Totales - Importaciones Totales CIF,-4108.247,Cifras Definitivas
Balanza Comercial de Mercancías de México,Nacional,Exportaciones,2022,06,Exportaciones Totales,51220.139,Cifras Definitivas
Balanza Comercial de Mercancías de México,Nacional,Exportaciones,2022,06,Petroleras,4006.1,Cifras Definitivas
Balanza Comercial de Mercancías de México,Nacional,Exportaciones,2022,06,Petróleo Crudo,3334.879,Cifras Definitivas
Balanza Comercial de Mercancías de México,Nacional,Exportaciones,2022,06,Otras petroleras,671.221,Cifras Definitivas
Balanza Comercial de Mercancías de México,Nacional,Exportaciones,2022,06,No Petroleras,47214.039,Cifras Definitivas
Balanza Comercial de Mercancías de México,Nacional,Exportaciones,2022,06,Agropecuarias,1774.842,Cifras Definitivas
Balanza Comercial de Mercancías de México,Nacional,Exportaciones,2022,06,Extractivas,638.609,Cifras Definitivas
Balanza Comercial de Mercancías de México,Nacional,Exportaciones,2022,06,Manufactureras,44800.588,Cifras Definitivas
Balanza Comercial de Mercancías de México,Nacional,Importaciones,2022,06,Importaciones Totales,55191.302,Cifras Definitivas
Balanza Comercial de Mercancías de México,Nacional,Importaciones,2022,06,Fletes y seguros de las importaciones,1998.011,Cifras Definitivas
Balanza Comercial de Mercancías de México,Nacional,Importaciones,2022,06,Importaciones Totales CIF (Importaciones Totales + Fletes y seguros de las importaciones),57189.313,Cifras Definitivas
Balanza Comercial de Mercancías de México,Nacional,Importaciones,2022,06,Petroleras,8765.851,Cifras Definitivas
Balanza Comercial de Mercancías de México,Nacional,Importaciones,2022,06,No Petroleras,46425.452,Cifras Definitivas
Balanza Comercial de Mercancías de México,Nacional,Importaciones,2022,06,Bienes de Consumo,7977.768,Cifras Definitivas
Balanza Comercial de Mercancías de México,Nacional,Importaciones,2022,06,Bienes Intermedios,43204.036,Cifras Definitivas
Balanza Comercial de Mercancías de México,Nacional,Importaciones,2022,06,Bienes de Capital,4009.498,Cifras Definitivas
Balanza Comercial de Mercancías de México,Nacional,No aplica,2022,06,Balanza Comercial Total Exportaciones Totales - Importaciones Totales,-3971.164,Cifras Definitivas
Balanza Comercial de Mercancías de México,Nacional,No aplica,2022,06,Balanza Comercial Total Exportaciones Totales - Importaciones Totales CIF,-5969.174,Cifras Definitivas
Balanza Comercial de Mercancías de México,Nacional,Exportaciones,2022,07,Exportaciones Totales,46216.526,Cifras Definitivas
Balanza Comercial de Mercancías de México,Nacional,Exportaciones,2022,07,Petroleras,3817.606,Cifras Definitivas
Balanza Comercial de Mercancías de México,Nacional,Exportaciones,2022,07,Petróleo Crudo,3166.436,Cifras Definitivas
Balanza Comercial de Mercancías de México,Nacional,Exportaciones,2022,07,Otras petroleras,651.17,Cifras Definitivas
Balanza Comercial de Mercancías de México,Nacional,Exportaciones,2022,07,No Petroleras,42398.92,Cifras Definitivas
Balanza Comercial de Mercancías de México,Nacional,Exportaciones,2022,07,Agropecuarias,1411.432,Cifras Definitivas
Balanza Comercial de Mercancías de México,Nacional,Exportaciones,2022,07,Extractivas,797.747,Cifras Definitivas
Balanza Comercial de Mercancías de México,Nacional,Exportaciones,2022,07,Manufactureras,40189.741,Cifras Definitivas
Balanza Comercial de Mercancías de México,Nacional,Importaciones,2022,07,Importaciones Totales,52463.962,Cifras Definitivas
Balanza Comercial de Mercancías de México,Nacional,Importaciones,2022,07,Fletes y seguros de las importaciones,1926.188,Cifras Definitivas
Balanza Comercial de Mercancías de México,Nacional,Importaciones,2022,07,Importaciones Totales CIF (Importaciones Totales + Fletes y seguros de las importaciones),54390.15,Cifras Definitivas
Balanza Comercial de Mercancías de México,Nacional,Importaciones,2022,07,Petroleras,8181.493,Cifras Definitivas
Balanza Comercial de Mercancías de México,Nacional,Importaciones,2022,07,No Petroleras,44282.47,Cifras Definitivas
Balanza Comercial de Mercancías de México,Nacional,Importaciones,2022,07,Bienes de Consumo,7543.58,Cifras Definitivas
Balanza Comercial de Mercancías de México,Nacional,Importaciones,2022,07,Bienes Intermedios,41032.179,Cifras Definitivas
Balanza Comercial de Mercancías de México,Nacional,Importaciones,2022,07,Bienes de Capital,3888.203,Cifras Definitivas
Balanza Comercial de Mercancías de México,Nacional,No aplica,2022,07,Balanza Comercial Total Exportaciones Totales - Importaciones Totales,-6247.436,Cifras Definitivas
Balanza Comercial de Mercancías de México,Nacional,No aplica,2022,07,Balanza Comercial Total Exportaciones Totales - Importaciones Totales CIF,-8173.624,Cifras Definitivas
Balanza Comercial de Mercancías de México,Nacional,Exportaciones,2022,08,Exportaciones Totales,50464.229,Cifras Definitivas
Balanza Comercial de Mercancías de México,Nacional,Exportaciones,2022,08,Petroleras,3189.779,Cifras Definitivas
Balanza Comercial de Mercancías de México,Nacional,Exportaciones,2022,08,Petróleo Crudo,2492.701,Cifras Definitivas
Balanza Comercial de Mercancías de México,Nacional,Exportaciones,2022,08,Otras petroleras,697.078,Cifras Definitivas
Balanza Comercial de Mercancías de México,Nacional,Exportaciones,2022,08,No Petroleras,47274.45,Cifras Definitivas
Balanza Comercial de Mercancías de México,Nacional,Exportaciones,2022,08,Agropecuarias,1388.928,Cifras Definitivas
Balanza Comercial de Mercancías de México,Nacional,Exportaciones,2022,08,Extractivas,687.705,Cifras Definitivas
Balanza Comercial de Mercancías de México,Nacional,Exportaciones,2022,08,Manufactureras,45197.817,Cifras Definitivas
Balanza Comercial de Mercancías de México,Nacional,Importaciones,2022,08,Importaciones Totales,56168.196,Cifras Definitivas
Balanza Comercial de Mercancías de México,Nacional,Importaciones,2022,08,Fletes y seguros de las importaciones,2062.369,Cifras Definitivas
Balanza Comercial de Mercancías de México,Nacional,Importaciones,2022,08,Importaciones Totales CIF (Importaciones Totales + Fletes y seguros de las importaciones),58230.565,Cifras Definitivas
Balanza Comercial de Mercancías de México,Nacional,Importaciones,2022,08,Petroleras,7584.636,Cifras Definitivas
Balanza Comercial de Mercancías de México,Nacional,Importaciones,2022,08,No Petroleras,48583.56,Cifras Definitivas
Balanza Comercial de Mercancías de México,Nacional,Importaciones,2022,08,Bienes de Consumo,7682.88,Cifras Definitivas
Balanza Comercial de Mercancías de México,Nacional,Importaciones,2022,08,Bienes Intermedios,44082.138,Cifras Definitivas
Balanza Comercial de Mercancías de México,Nacional,Importaciones,2022,08,Bienes de Capital,4403.177,Cifras Definitivas
Balanza Comercial de Mercancías de México,Nacional,No aplica,2022,08,Balanza Comercial Total Exportaciones Totales - Importaciones Totales,-5703.967,Cifras Definitivas
Balanza Comercial de Mercancías de México,Nacional,No aplica,2022,08,Balanza Comercial Total Exportaciones Totales - Importaciones Totales CIF,-7766.336,Cifras Definitivas
Balanza Comercial de Mercancías de México,Nacional,Exportaciones,2022,09,Exportaciones Totales,52323.438,Cifras Definitivas
Balanza Comercial de Mercancías de México,Nacional,Exportaciones,2022,09,Petroleras,3281.359,Cifras Definitivas
Balanza Comercial de Mercancías de México,Nacional,Exportaciones,2022,09,Petróleo Crudo,2589.282,Cifras Definitivas
Balanza Comercial de Mercancías de México,Nacional,Exportaciones,2022,09,Otras petroleras,692.078,Cifras Definitivas
Balanza Comercial de Mercancías de México,Nacional,Exportaciones,2022,09,No Petroleras,49042.079,Cifras Definitivas
Balanza Comercial de Mercancías de México,Nacional,Exportaciones,2022,09,Agropecuarias,1199.124,Cifras Definitivas
Balanza Comercial de Mercancías de México,Nacional,Exportaciones,2022,09,Extractivas,614.893,Cifras Definitivas
Balanza Comercial de Mercancías de México,Nacional,Exportaciones,2022,09,Manufactureras,47228.062,Cifras Definitivas
Balanza Comercial de Mercancías de México,Nacional,Importaciones,2022,09,Importaciones Totales,53520.102,Cifras Definitivas
Balanza Comercial de Mercancías de México,Nacional,Importaciones,2022,09,Fletes y seguros de las importaciones,1908.323,Cifras Definitivas
Balanza Comercial de Mercancías de México,Nacional,Importaciones,2022,09,Importaciones Totales CIF (Importaciones Totales + Fletes y seguros de las importaciones),55428.425,Cifras Definitivas
Balanza Comercial de Mercancías de México,Nacional,Importaciones,2022,09,Petroleras,7151.275,Cifras Definitivas
Balanza Comercial de Mercancías de México,Nacional,Importaciones,2022,09,No Petroleras,46368.826,Cifras Definitivas
Balanza Comercial de Mercancías de México,Nacional,Importaciones,2022,09,Bienes de Consumo,7542.842,Cifras Definitivas
Balanza Comercial de Mercancías de México,Nacional,Importaciones,2022,09,Bienes Intermedios,41805.519,Cifras Definitivas
Balanza Comercial de Mercancías de México,Nacional,Importaciones,2022,09,Bienes de Capital,4171.74,Cifras Definitivas
Balanza Comercial de Mercancías de México,Nacional,No aplica,2022,09,Balanza Comercial Total Exportaciones Totales - Importaciones Totales,-1196.663,Cifras Definitivas
Balanza Comercial de Mercancías de México,Nacional,No aplica,2022,09,Balanza Comercial Total Exportaciones Totales - Importaciones Totales CIF,-3104.987,Cifras Definitivas
Balanza Comercial de Mercancías de México,Nacional,Exportaciones,2022,10,Exportaciones Totales,49199.055,Cifras Definitivas
Balanza Comercial de Mercancías de México,Nacional,Exportaciones,2022,10,Petroleras,2800.12,Cifras Definitivas
Balanza Comercial de Mercancías de México,Nacional,Exportaciones,2022,10,Petróleo Crudo,2394.271,Cifras Definitivas
Balanza Comercial de Mercancías de México,Nacional,Exportaciones,2022,10,Otras petroleras,405.849,Cifras Definitivas
Balanza Comercial de Mercancías de México,Nacional,Exportaciones,2022,10,No Petroleras,46398.935,Cifras Definitivas
Balanza Comercial de Mercancías de México,Nacional,Exportaciones,2022,10,Agropecuarias,1523.525,Cifras Definitivas
Balanza Comercial de Mercancías de México,Nacional,Exportaciones,2022,10,Extractivas,812.654,Cifras Definitivas
Balanza Comercial de Mercancías de México,Nacional,Exportaciones,2022,10,Manufactureras,44062.757,Cifras Definitivas
Balanza Comercial de Mercancías de México,Nacional,Importaciones,2022,10,Importaciones Totales,51861.889,Cifras Definitivas
Balanza Comercial de Mercancías de México,Nacional,Importaciones,2022,10,Fletes y seguros de las importaciones,1838.507,Cifras Definitivas
Balanza Comercial de Mercancías de México,Nacional,Importaciones,2022,10,Importaciones Totales CIF (Importaciones Totales + Fletes y seguros de las importaciones),53700.396,Cifras Definitivas
Balanza Comercial de Mercancías de México,Nacional,Importaciones,2022,10,Petroleras,5884.948,Cifras Definitivas
Balanza Comercial de Mercancías de México,Nacional,Importaciones,2022,10,No Petroleras,45976.941,Cifras Definitivas
Balanza Comercial de Mercancías de México,Nacional,Importaciones,2022,10,Bienes de Consumo,7133.235,Cifras Definitivas
Balanza Comercial de Mercancías de México,Nacional,Importaciones,2022,10,Bienes Intermedios,40423.99,Cifras Definitivas
Balanza Comercial de Mercancías de México,Nacional,Importaciones,2022,10,Bienes de Capital,4304.664,Cifras Definitivas
Balanza Comercial de Mercancías de México,Nacional,No aplica,2022,10,Balanza Comercial Total Exportaciones Totales - Importaciones Totales,-2662.834,Cifras Definitivas
Balanza Comercial de Mercancías de México,Nacional,No aplica,2022,10,Balanza Comercial Total Exportaciones Totales - Importaciones Totales CIF,-4501.341,Cifras Definitivas
Balanza Comercial de Mercancías de México,Nacional,Exportaciones,2022,11,Exportaciones Totales,49249.147,Cifras Definitivas
Balanza Comercial de Mercancías de México,Nacional,Exportaciones,2022,11,Petroleras,2416.556,Cifras Definitivas
Balanza Comercial de Mercancías de México,Nacional,Exportaciones,2022,11,Petróleo Crudo,2146.886,Cifras Definitivas
Balanza Comercial de Mercancías de México,Nacional,Exportaciones,2022,11,Otras petroleras,269.67,Cifras Definitivas
Balanza Comercial de Mercancías de México,Nacional,Exportaciones,2022,11,No Petroleras,46832.591,Cifras Definitivas
Balanza Comercial de Mercancías de México,Nacional,Exportaciones,2022,11,Agropecuarias,1783.762,Cifras Definitivas
Balanza Comercial de Mercancías de México,Nacional,Exportaciones,2022,11,Extractivas,768.561,Cifras Definitivas
Balanza Comercial de Mercancías de México,Nacional,Exportaciones,2022,11,Manufactureras,44280.268,Cifras Definitivas
Balanza Comercial de Mercancías de México,Nacional,Importaciones,2022,11,Importaciones Totales,49699.319,Cifras Definitivas
Balanza Comercial de Mercancías de México,Nacional,Importaciones,2022,11,Fletes y seguros de las importaciones,1690.947,Cifras Definitivas
Balanza Comercial de Mercancías de México,Nacional,Importaciones,2022,11,Importaciones Totales CIF (Importaciones Totales + Fletes y seguros de las importaciones),51390.266,Cifras Definitivas
Balanza Comercial de Mercancías de México,Nacional,Importaciones,2022,11,Petroleras,4872.166,Cifras Definitivas
Balanza Comercial de Mercancías de México,Nacional,Importaciones,2022,11,No Petroleras,44827.153,Cifras Definitivas
Balanza Comercial de Mercancías de México,Nacional,Importaciones,2022,11,Bienes de Consumo,6518.753,Cifras Definitivas
Balanza Comercial de Mercancías de México,Nacional,Importaciones,2022,11,Bienes Intermedios,38805.952,Cifras Definitivas
Balanza Comercial de Mercancías de México,Nacional,Importaciones,2022,11,Bienes de Capital,4374.613,Cifras Definitivas
Balanza Comercial de Mercancías de México,Nacional,No aplica,2022,11,Balanza Comercial Total Exportaciones Totales - Importaciones Totales,-450.172,Cifras Definitivas
Balanza Comercial de Mercancías de México,Nacional,No aplica,2022,11,Balanza Comercial Total Exportaciones Totales - Importaciones Totales CIF,-2141.119,Cifras Definitivas
Balanza Comercial de Mercancías de México,Nacional,Exportaciones,2022,12,Exportaciones Totales,49319.342,Cifras Definitivas
Balanza Comercial de Mercancías de México,Nacional,Exportaciones,2022,12,Petroleras,2841.757,Cifras Definitivas
Balanza Comercial de Mercancías de México,Nacional,Exportaciones,2022,12,Petróleo Crudo,1979.549,Cifras Definitivas
Balanza Comercial de Mercancías de México,Nacional,Exportaciones,2022,12,Otras petroleras,862.208,Cifras Definitivas
Balanza Comercial de Mercancías de México,Nacional,Exportaciones,2022,12,No Petroleras,46477.585,Cifras Definitivas
Balanza Comercial de Mercancías de México,Nacional,Exportaciones,2022,12,Agropecuarias,2063.904,Cifras Definitivas
Balanza Comercial de Mercancías de México,Nacional,Exportaciones,2022,12,Extractivas,892.937,Cifras Definitivas
Balanza Comercial de Mercancías de México,Nacional,Exportaciones,2022,12,Manufactureras,43520.744,Cifras Definitivas
Balanza Comercial de Mercancías de México,Nacional,Importaciones,2022,12,Importaciones Totales,48376.487,Cifras Definitivas
Balanza Comercial de Mercancías de México,Nacional,Importaciones,2022,12,Fletes y seguros de las importaciones,1722.214,Cifras Definitivas
Balanza Comercial de Mercancías de México,Nacional,Importaciones,2022,12,Importaciones Totales CIF (Importaciones Totales + Fletes y seguros de las importaciones),50098.701,Cifras Definitivas
Balanza Comercial de Mercancías de México,Nacional,Importaciones,2022,12,Petroleras,5122.718,Cifras Definitivas
Balanza Comercial de Mercancías de México,Nacional,Importaciones,2022,12,No Petroleras,43253.769,Cifras Definitivas
Balanza Comercial de Mercancías de México,Nacional,Importaciones,2022,12,Bienes de Consumo,6148.643,Cifras Definitivas
Balanza Comercial de Mercancías de México,Nacional,Importaciones,2022,12,Bienes Intermedios,37681.448,Cifras Definitivas
Balanza Comercial de Mercancías de México,Nacional,Importaciones,2022,12,Bienes de Capital,4546.395,Cifras Definitivas
Balanza Comercial de Mercancías de México,Nacional,No aplica,2022,12,Balanza Comercial Total Exportaciones Totales - Importaciones Totales,942.855,Cifras Definitivas
Balanza Comercial de Mercancías de México,Nacional,No aplica,2022,12,Balanza Comercial Total Exportaciones Totales - Importaciones Totales CIF,-779.359,Cifras Definitivas
